site	module	module_offset	module_size	operation	summary	arg_a	arg_b	arg_c	value	probability	target	target_index	target_label	target_jump_table	tag_moniker	tag_bits
0	0	0	3	Global Anchor	register a global jump-to destination, maybe terminate	5	0	4							unaware carp	1001111100001111010011101000110111110111011000101111001100110111
1	0	1	3	Terminate If	if a, terminate core	6	4	2								
2	0	2	3	Terminal	a = value	2	2	3	-0.953273							
3	1	0	4	Global Anchor	register a global jump-to destination, maybe terminate	4	0	4							shameful cuckoo	0011110110011001001010110001010101010001001011001011010101110110
4	1	1	4	Set Global Regulator	set global regulator value to a	3	1	6						0	resonant tamarin	0111011110001101000111100101000110011010001011011101000110101010
5	1	2	4	Subtract	a = b - c	2	4	7								
6	1	3	4	Get Local Regulator	a = local regulator value	4	6	1							frayed bass	1000111011111011000010110101001001100010001111011001100100101110
7	2	0	3	Global Anchor	register a global jump-to destination, maybe terminate	1	0	4							unaware carp	1001111100001111010011101000110111110111011000101111001100110111
8	2	1	3	Terminate If	if a, terminate core	6	4	2								
9	2	2	3	Draw Random Value	a = weighted draw from random number generator	2	2	3								
10	3	0	9	Global Anchor	register a global jump-to destination, maybe terminate	4	0	4							only loris	0011100110011001001010110001010101010001001011001011010101110110
11	3	1	9	Set Global Regulator	set global regulator value to a	3	1	6						0	resonant tamarin	0111011110001101000111100101000110011010001011011101000110101010
12	3	2	9	Greater Than	a = ( b > c )	5	2	7								
13	3	3	9	Generate Random Bool	if p, a = 1; else a = 0	3	2	6		0.450875						
14	3	4	9	Bitwise Shift	a = b << c	3	7	7								
15	3	5	9	Terminal	a = value	7	4	4	1.96058							
16	3	6	9	Read Own State	a = state	0	6	5			IsChildGroupOf	1	IsChildGroupOf[1]			
17	3	7	9	Terminal	a = value	7	2	2	0.650246							
18	3	8	9	Local Anchor	register a local jump-to destination	6	5	4							harmonious oryx	0011100100001110111111000000010100001100101000101001111011011101
19	4	0	9	Global Anchor	register a global jump-to destination, maybe terminate	5	0	4							excited puffin	1001111100001111010010101000110111110101011000101111001100110111
20	4	1	9	Terminate If	if a, terminate core	6	4	2								
21	4	2	9	Terminal	a = value	2	2	3	-0.953273							
22	4	3	9	Terminal	a = value	0	5	7	-1.27139							
23	4	4	9	Nop-0	perform no operation	3	5	4								
24	4	5	9	Terminal	a = value	1	3	6	0.283679							
25	4	6	9	Write Own State	if b, state = a	6	7	5			ResourceReceiveResistance	0	ResourceReceiveResistance[0]			
26	4	7	9	Terminal	a = value	2	0	3	-0.994727							
27	4	8	9	Write Own State	if b, state = a	6	5	2			TransientNopState	2	TransientNopState[2]			
28	5	0	7	Global Anchor	register a global jump-to destination, maybe terminate	0	2	4							mysterious manatee	0111100011010100010100000011101000000001010110111010100010001110
29	5	1	7	Draw Random Value	a = weighted draw from random number generator	5	5	4								
30	5	2	7	Nop-2	perform no operation	5	0	6								
31	5	3	7	Send Intra-Cell Message	if a, send message another cardinal within cell	3	3	6							poor tinamou	0011011010110111101100001000101001101110000110110111011100001000
32	5	4	7	Logical Or	a = b \textbar{}\textbar{} c	0	3	3								
33	5	5	7	Local Anchor	register a local jump-to destination	5	4	3							helpless ocelot	0101001000000000010100001110111000101111000100010000001010110111
34	5	6	7	Divide	a = b / c	3	1	0								
35	6	0	1	Global Anchor	register a global jump-to destination, maybe terminate	1	2	5							fitting thrush	1001110011001111111100001110111110010101011111111011100111111011
36	7	0	44	Global Anchor	register a global jump-to destination, maybe terminate	7	2	5							same hummingbird	0000110011001111111100001110111110010101011110101111100111111011
37	7	1	44	Decay Secondary Global Regulator	decay global regulator value by register a	5	2	7						1	right thrip	1010000101111001011000100100100110001111100111000111011000011110
38	7	2	44	Local Anchor	register a local jump-to destination	5	6	4							convoluted cowfish	1001101000001010010001011110001100101111010101100001001110010101
39	7	3	44	Read Neighbor State	a = state	7	4	4			NumKnownQuorumBits	1	NumKnownQuorumBits[1]			
40	7	4	44	Local Anchor	register a local jump-to destination	2	5	7							noted capercaillie	1000110000000111111101011110010111010111010010001110101010110100
41	7	5	44	Get Global Regulator	a = global regulator value	0	5	2						0	nine beetle	0100101010000111100000010100000000011101000101001001110101111001
42	7	6	44	Count Ones	a = popcnt( b )	4	0	3								
43	7	7	44	Terminal	a = value	7	7	6	872.396							
44	7	8	44	Terminal	a = value	3	3	5	0.412523							
45	7	9	44	Count Ones	a = popcnt( b )	6	0	5								
46	7	10	44	Local Anchor	register a local jump-to destination	4	2	0							certain tenrec	0011111011001000010000001010111010000011010110111110000011011010
47	7	11	44	Draw Random Value	a = weighted draw from random number generator	5	1	6								
48	7	12	44	Less Than	a = ( b < c )	6	7	6								
49	7	13	44	Terminal	a = value	3	2	7	0.484778							
50	7	14	44	Logical And	a = b \&\& c	4	2	0								
51	7	15	44	Terminal	a = value	4	5	6	-0.743729							
52	7	16	44	Read Neighbor State	a = state	6	1	5			ResourceSendRequest	0	ResourceSendRequest[0]			
53	7	17	44	Read Own State	a = state	1	4	0			MostRecentCauseOfDeath	0	MostRecentCauseOfDeath[0]			
54	7	18	44	Terminal	a = value	6	0	2	-0.205839							
55	7	19	44	Adjust Secondary Global Regulator	adjust global regulator value by a	5	4	3						1	picayune cusimanse	1011110010000100101010100011010111101000011110011001001111010010
56	7	20	44	Terminal	a = value	4	4	7	0.157256							
57	7	21	44	Terminal	a = value	4	4	1	-0.937871							
58	7	22	44	Local Anchor	register a local jump-to destination	7	4	7							bustling macaque	1000101100011110101000010101111010101010111000111010110100111011
59	7	23	44	Not Equal	a = (b != c)	5	3	1								
60	7	24	44	Divide	a = b / c	6	1	6								
61	7	25	44	Terminal	a = value	4	3	0	4.27122							
62	7	26	44	Adjust Secondary Global Regulator	adjust global regulator value by a	0	7	5						1	grim springbok	0000111001110101111010111100011011111101100101011010110100000101
63	7	27	44	Write Own State	if b, state = a	5	4	3			RepLevRequest	1	RepLevRequest[1]			
64	7	28	44	Not	a = !a	4	4	3								
65	7	29	44	Send Intra-Cell Message	if a, send message another cardinal within cell	0	4	6							remarkable vole	1000001011010011111011001011110100111011101000101011000000011000
66	7	30	44	Global Jump If	if a, goto tag match global anchor; if b, clear registers	2	7	7							earnest jaguar	1000100001110100001001101111001001000111111010011110011011100011
67	7	31	44	Terminal	a = value	1	5	0	-13.5294							
68	7	32	44	Decay Secondary Global Regulator	decay global regulator value by register a	3	1	6						1	prestigious spurfowl	1000010110010101001000000110100011011001111110001010011010011101
69	7	33	44	Bitwise And	a = b \& c	4	4	3								
70	7	34	44	Decay Global Regulator	decay global regulator value by register a	3	4	1						0	loathsome whelk	1101100001011001101111111011110001000001110111010011011100011011
71	7	35	44	Terminal	a = value	4	0	7	-0.184987							
72	7	36	44	Terminal	a = value	4	3	0	82.5566							
73	7	37	44	Decay Global Regulator	decay global regulator value by register a	3	2	0						0	frizzy pinscher	0101111111100010111001100010010110100100000001101000111100100011
74	7	38	44	Write Own State	if b, state = a	1	7	3			RepLevRequest	0	RepLevRequest[0]			
75	7	39	44	Write Own State	if b, state = a	6	0	1			RepLevRequest	1	RepLevRequest[1]			
76	7	40	44	Write Own State	if b, state = a	0	4	6			ResourceSendRequest	0	ResourceSendRequest[0]			
77	7	41	44	Read Neighbor State	a = state	3	0	3			KinGroupWillExpire	1	KinGroupWillExpire[1]			
78	7	42	44	Terminal	a = value	6	3	6	-1.35619							
79	7	43	44	Add	a = b + c	3	2	4								
80	8	0	4	Global Anchor	register a global jump-to destination, maybe terminate	2	3	1							scary rodent	1001100010101011001110100101100100111100000111100110111000000000
81	8	1	4	Modulo	a = b \% c	5	5	2								
82	8	2	4	Write Own State	if b, state = a	1	5	1			HeirRequest	0	HeirRequest[0]			
83	8	3	4	Terminal	a = value	4	2	0	-0.242841							
84	9	0	4	Global Anchor	register a global jump-to destination, maybe terminate	4	6	0							grumpy bat	0101100000001010001000000010010011000011011110000100101010100011
85	9	1	4	Modulo	a = b \% c	5	5	2								
86	9	2	4	Write Own State	if b, state = a	1	5	1			HeirRequest	0	HeirRequest[0]			
87	9	3	4	Bitwise Not	a = \textasciitilde{}b	4	2	0								
88	10	0	15	Global Anchor	register a global jump-to destination, maybe terminate	4	6	0							solid badger	0101100000001010001000000010010011001011011110000100101110110011
89	10	1	15	Terminal	a = value	7	6	6	-2.04925							
90	10	2	15	Decay Local Regulator	decay local regulator value by register a	0	4	1							weird thrip	0001010010001111101100110100001111011111010010110001011010101110
91	10	3	15	Add	a = b + c	3	6	4								
92	10	4	15	Read Neighbor State	a = state	2	3	1			TransientNopState	2	TransientNopState[2]			
93	10	5	15	Read Own State	a = state	3	3	1			TransientNopState	0	TransientNopState[0]			
94	10	6	15	Read Neighbor State	a = state	6	6	7			RepLevRequest	1	RepLevRequest[1]			
95	10	7	15	Local Anchor	register a local jump-to destination	1	2	5							doting grizzly	1000100000110010011001010110010010100101111001000010010001010110
96	10	8	15	Send Inter-Cell Message	if a, send message to neighbor cell	6	7	3							swift cow	0010000101100101001101001000001101101101110000001010100111110010
97	10	9	15	Local Anchor	register a local jump-to destination	5	3	1							shabby rat	1111101011000001001010100001100111000001000101110110010101100101
98	10	10	15	Local Anchor	register a local jump-to destination	2	2	4							demoralized yak	1010011011010010010011000110010101100011101110100000000101001101
99	10	11	15	Bitwise Not	a = \textasciitilde{}b	7	1	1								
100	10	12	15	Adjust Global Regulator	adjust global regulator value by a	4	5	5						0	contemplative mockingbird	0001110001010101110101101000001100110001011010000010110010000111
101	10	13	15	Set Global Regulator	set global regulator value to a	7	0	0						0	capricious poodle	1011011101010100111000100111010001010010010011001100101111010110
102	10	14	15	RandomFill	fill a with uniformly-distributed random bits	7	0	7								
103	11	0	1	Global Anchor	register a global jump-to destination, maybe terminate	5	5	3							academic grizzly	1111011100100101010011101001100011100001000011000000111000110110
104	12	0	3	Global Anchor	register a global jump-to destination, maybe terminate	4	2	0							gamy anaconda	0101100001001010001000000011010011011011011110000100101010110011
105	12	1	3	Add	a = b + c	4	6	2								
106	12	2	3	Read Neighbor State	a = state	6	7	3			TransientNopState	0	TransientNopState[0]			
107	13	0	17	Global Anchor	register a global jump-to destination, maybe terminate	4	2	0							gamy anaconda	0101100001001010001000000011010011011011011110000100101010110011
108	13	1	17	Add	a = b + c	4	6	2								
109	13	2	17	Read Neighbor State	a = state	6	7	3			TransientNopState	0	TransientNopState[0]			
110	13	3	17	Bitwise And	a = b \& c	3	1	4								
111	13	4	17	Read Neighbor State	a = state	4	6	6			Epoch	0	Epoch[0]			
112	13	5	17	Not Equal	a = (b != c)	3	4	2								
113	13	6	17	Logical Or	a = b \textbar{}\textbar{} c	6	1	4								
114	13	7	17	Bitwise And	a = b \& c	3	1	4								
115	13	8	17	Read Neighbor State	a = state	4	6	6			Epoch	0	Epoch[0]			
116	13	9	17	Not Equal	a = (b != c)	3	4	2								
117	13	10	17	Logical Or	a = b \textbar{}\textbar{} c	6	1	4								
118	13	11	17	Terminal	a = value	1	2	7	-4.43737							
119	13	12	17	Local Anchor	register a local jump-to destination	4	2	2							protective bettong	0000111100100011011101011101111100111100100001010111111000100010
120	13	13	17	Terminal	a = value	5	4	6	392.349							
121	13	14	17	Local Anchor	register a local jump-to destination	1	3	4							glistening penguin	0100111000010000000001001110110100001110010100001000101110110011
122	13	15	17	Increment	a = a + 1	4	6	1								
123	13	16	17	Not Equal	a = (b != c)	0	1	0								
124	14	0	1	Global Anchor	register a global jump-to destination, maybe terminate	6	7	0							attracted pelican	0101110101011111011111100110101011110110011101110110011100101101
125	15	0	4	Global Anchor	register a global jump-to destination, maybe terminate	1	3	1							abnormal chickadee	0001101000101000001000101010011011000011100000011011010011101010
126	15	1	4	Read Own State	a = state	5	6	2			NeighborApoptosis	0	NeighborApoptosis[0]			
127	15	2	4	Read Own State	a = state	1	3	4			TransientNopState	3	TransientNopState[3]			
128	15	3	4	Terminal	a = value	4	6	1	-0.898717							
129	16	0	2	Global Anchor	register a global jump-to destination, maybe terminate	0	1	0							decimal kongoni	1010101100100010000111110111011110110111000100110011110011011011
130	16	1	2	Local Jump If	if a, goto tag match local anchor	6	7	0							splendid tortoise	0101110101011111011111100110101011110110011100110010011100101101
131	17	0	4	Global Anchor	register a global jump-to destination, maybe terminate	1	3	1							some bug	0010101000101000001000101010011011000111100000011011010011101010
132	17	1	4	Bitwise Not	a = \textasciitilde{}b	7	5	3								
133	17	2	4	Bitwise Shift	a = b << c	2	6	0								
134	17	3	4	Send Inter-Cell Message	if a, send message to neighbor cell	1	3	3							sparse shrew	1000110110010000011110110100101001110111111110011101001100110100
135	18	0	6	Global Anchor	register a global jump-to destination, maybe terminate	4	4	1							lemon gharial	0111000000110111001001100011011010100001001110111111011010110101
136	18	1	6	Terminal	a = value	4	2	1	0.0558399							
137	18	2	6	Get Local Regulator	a = local regulator value	5	5	1							upright pinscher	0111000101110011111000010111100110001000111110011011001100001111
138	18	3	6	Subtract	a = b - c	5	4	2								
139	18	4	6	Add	a = b + c	7	6	5								
140	18	5	6	Terminal	a = value	6	7	0	-50.511							
141	19	0	2	Global Anchor	register a global jump-to destination, maybe terminate	1	3	1							grey sloth	0011101000101000001000101010011011000111100000011011010011101010
142	19	1	2	Read Neighbor State	a = state	7	2	0			ParentFragmented	0	ParentFragmented[0]			
143	20	0	8	Global Anchor	register a global jump-to destination, maybe terminate	2	4	1							pleasing tapir	1111010110111010010100011000111000110111100011111011100111011100
144	20	1	8	Logical Or	a = b \textbar{}\textbar{} c	1	2	6								
145	20	2	8	Read Own State	a = state	5	0	5			PhylogeneticRootView	0	PhylogeneticRootView[0]			
146	20	3	8	Terminal	a = value	1	3	4	24.6398							
147	20	4	8	Bitwise Not	a = \textasciitilde{}b	7	5	3								
148	20	5	8	Bitwise Shift	a = b << c	2	6	0								
149	20	6	8	Add To Own State	state += a	6	0	6			TransientNopState	3	TransientNopState[3]			
150	20	7	8	Terminal	a = value	4	7	3	-0.377056							
151	21	0	1	Global Anchor	register a global jump-to destination, maybe terminate	0	1	0							humorous magpie	1010101100100010100111110111011110110111000111110011110011011011
152	22	0	1	Global Anchor	register a global jump-to destination, maybe terminate	6	7	0							engrossed phascogale	0101110001011111011111101110101011110110011100110010001001100101
153	23	0	6	Global Anchor	register a global jump-to destination, maybe terminate	5	6	1							rigid jaguar	0001101000111000001000101011011011000011100000011011010010101010
154	23	1	6	Bitwise Not	a = \textasciitilde{}b	5	5	3								
155	23	2	6	Terminal	a = value	1	2	5	-19.6883							
156	23	3	6	Greater Than	a = ( b > c )	4	1	4								
157	23	4	6	Add To Own State	state += a	6	0	6			ResourceSendRequest	0	ResourceSendRequest[0]			
158	23	5	6	Terminal	a = value	4	7	3	-0.377048							
159	24	0	2	Global Anchor	register a global jump-to destination, maybe terminate	0	1	0							howling hippopotamus	1010101100100010100111110111011110110111000111110010110011011011
160	24	1	2	Terminal	a = value	4	7	3	-0.377048							
161	25	0	1	Global Anchor	register a global jump-to destination, maybe terminate	0	1	0							howling hippopotamus	1010101100100010100111110111011110110111000111110010110011011011
162	26	0	1	Global Anchor	register a global jump-to destination, maybe terminate	6	7	0							enchanting genet	0101110001011111011111100110101011110110011100110010001001100101
163	27	0	7	Global Anchor	register a global jump-to destination, maybe terminate	5	6	1							rigid jaguar	0001101000111000001000101011011011000011100000011011010010101010
164	27	1	7	Bitwise Not	a = \textasciitilde{}b	1	5	3								
165	27	2	7	Bitwise Shift	a = b << c	2	6	0								
166	27	3	7	Send Inter-Cell Message	if a, send message to neighbor cell	0	1	0							grateful fowl	1111111100101001010100001110111101101000110111100100111010101000
167	27	4	7	Local Anchor	register a local jump-to destination	7	7	5							domineering lemur	1010110000110101111110111110101101011101100111010101010111100100
168	27	5	7	Multiply Own State	state *= a	5	6	3			TransientNopState	2	TransientNopState[2]			
169	27	6	7	Terminal	a = value	5	6	3	-0.332087							
170	28	0	1	Global Anchor	register a global jump-to destination, maybe terminate	0	5	0							jittery laridae	0010101100100010100111110111011110110111000110110011110011011011
171	29	0	1	Global Anchor	register a global jump-to destination, maybe terminate	6	7	0							key snakes	0101110011011101011111100010101011110110011100110010010000101101
172	30	0	9	Global Anchor	register a global jump-to destination, maybe terminate	1	7	1							obnoxious rail	0001111000101000001000101011011011001111100010011011010010101010
173	30	1	9	Bitwise Not	a = \textasciitilde{}b	5	5	3								
174	30	2	9	Local Anchor	register a local jump-to destination	2	6	0							heavy ant	0010010000101001110000100011101111001001001111110011100011000000
175	30	3	9	Write Own State	if b, state = a	0	1	1			NopState	0	NopState[0]			
176	30	4	9	Nop-2	perform no operation	4	6	6								
177	30	5	9	Terminal	a = value	7	2	2	1.08432							
178	30	6	9	Count Ones	a = popcnt( b )	6	2	0								
179	30	7	9	Local Anchor	register a local jump-to destination	3	4	6							distrustful alpaca	0101010111011000101101010110011000100101111110000101110111011010
180	30	8	9	Send Intra-Cell Message	if a, send message another cardinal within cell	2	2	4							sad ocelot	1110110100100001101100100000110111100000010100111010010100010111
181	31	0	4	Global Anchor	register a global jump-to destination, maybe terminate	2	5	2							ecstatic scarab	0011111010110011010110100100011010001001110010101001110000101001
182	31	1	4	Local Anchor	register a local jump-to destination	7	5	3							soulful rhino	0110010010101011101001100010101010101101010011110000100001000111
183	31	2	4	Get Local Regulator	a = local regulator value	3	7	5							bewitched tarantula	0010010011111110110000000100010000000110011100101010010011010001
184	31	3	4	Terminal	a = value	3	4	4	-1.6443							
185	32	0	16	Global Anchor	register a global jump-to destination, maybe terminate	5	4	0							revolving tuatara	0010101010110100011010011000001111011011010111100001110010110011
186	32	1	16	Less Than	a = ( b < c )	1	5	7								
187	32	2	16	Local Anchor	register a local jump-to destination	3	5	3							pleased monitor	1001001100100100111000000111100011100001001101100001110001010010
188	32	3	16	Local Jump If Not	if !a, goto tag match local anchor	2	6	1							fruitful stork	1101010111110110001100011110001100000001100011010010101000111111
189	32	4	16	Decay Local Regulator	decay local regulator value by register a	3	1	5							snarling tegula	0000001111011011110110101000011011011101010101110101110110011001
190	32	5	16	Local Anchor	register a local jump-to destination	6	7	7							hefty dragonfly	1001110100001110101111111001101010000011111110110100110110100000
191	32	6	16	Decay Local Regulator	decay local regulator value by register a	5	1	4							uninterested shrimp	1100000000011100011110001000011000001101011100101010000101100111
192	32	7	16	Bitwise Xor	a = b \textasciicircum{} c	4	0	1								
193	32	8	16	Local Jump If Not	if !a, goto tag match local anchor	2	6	1							homely dauber	1101011111110110001100011110001100000001100011010010101000111111
194	32	9	16	Local Anchor	register a local jump-to destination	6	7	7							flowing chickadee	1001110100001010101111111001101010000011111110110100110010100000
195	32	10	16	Multiply Own State	state *= a	1	1	4			RepLevRequest	1	RepLevRequest[1]			
196	32	11	16	Divide	a = b / c	4	0	1								
197	32	12	16	Local Anchor	register a local jump-to destination	1	4	6							idealistic crocodile	1001000011010110011001000110111010110001011101011010101011100011
198	32	13	16	Nop-0	perform no operation	4	2	4								
199	32	14	16	Local Jump If	if a, goto tag match local anchor	3	7	6							polite kangaroo	0110100111000111000100111001100100001110101101010000010110110011
200	32	15	16	Send Intra-Cell Message	if a, send message another cardinal within cell	4	5	5							womanly hippopotamus	0010001000111100000111110011110100110101001010000101101001111010
201	33	0	37	Global Anchor	register a global jump-to destination, maybe terminate	3	3	6							woebegone crossbill	0110010011000111000100111001100110001110111100010000010110110010
202	33	1	37	Read Own State	a = state	4	5	4			TransientNopState	0	TransientNopState[0]			
203	33	2	37	Terminal	a = value	4	3	4	0.922447							
204	33	3	37	Multiply Own State	state *= a	5	4	1			NopState	3	NopState[3]			
205	33	4	37	Read Own State	a = state	3	1	4			IsNewborn	0	IsNewborn[0]			
206	33	5	37	Get Global Regulator	a = global regulator value	2	1	6						0	quiet skink	0100100011001010000100111001010000111010111100100010001110111100
207	33	6	37	Add To Own State	state += a	5	2	5			RepLevRequest	1	RepLevRequest[1]			
208	33	7	37	Read Own State	a = state	7	0	6			SpawnRequest	0	SpawnRequest[0]			
209	33	8	37	Terminal	a = value	3	4	5	-4.9108							
210	33	9	37	Bitwise Not	a = \textasciitilde{}b	6	5	4								
211	33	10	37	Local Anchor	register a local jump-to destination	6	4	1							nice hog	1001100011111010100111111011010111001001001101111010000100010010
212	33	11	37	Terminal	a = value	7	5	2	0.286325							
213	33	12	37	Send Intra-Cell Message	if a, send message another cardinal within cell	6	2	1							bruised snowshoe	1011000101000000010011101001001111110010101001010110010000010100
214	33	13	37	Multiply Own State	state *= a	0	0	0			NopState	0	NopState[0]			
215	33	14	37	Adjust Global Regulator	adjust global regulator value by a	5	7	0						0	shoddy thrip	1100101100000010111111110001011010011110101001100001101010101110
216	33	15	37	Add To Own State	state += a	7	7	1			ResourceReserveRequest	0	ResourceReserveRequest[0]			
217	33	16	37	Modulo	a = b \% c	1	5	7								
218	33	17	37	Terminal	a = value	1	6	7	0.560025							
219	33	18	37	Read Own State	a = state	4	5	0			ResourceSendRequest	0	ResourceSendRequest[0]			
220	33	19	37	Adjust Global Regulator	adjust global regulator value by a	4	4	4						0	usable kitten	0010110001110111001101101010001001011101011001111001010100000010
221	33	20	37	Read Own State	a = state	7	5	4			KinGroupWillExpire	1	KinGroupWillExpire[1]			
222	33	21	37	Send Inter-Cell Message	if a, send message to neighbor cell	6	4	1							rural cow	0011101111011010101001010101110100111000100010000011010111000010
223	33	22	37	Set Local Regulator	set local regulator value to a	7	5	5							good rockhopper	0001110010100110001000011000101111101111100100010110011011011110
224	33	23	37	Broadcast Intra-Cell Message	if a, send message to all other cardinals within cell	4	0	1							close snowshoe	1011001011011011001011010101110101111100100000010011000010010010
225	33	24	37	Set Local Regulator	set local regulator value to a	5	5	5							adored beaver	0001110010100111101000011000101111101111100100110110011011011110
226	33	25	37	Read Own State	a = state	4	5	0			ResourceSendRequest	0	ResourceSendRequest[0]			
227	33	26	37	Adjust Global Regulator	adjust global regulator value by a	4	4	4						0	usable kitten	0010110001110111001101101010001001011101011001111001010100000010
228	33	27	37	Read Own State	a = state	7	5	4			KinGroupWillExpire	1	KinGroupWillExpire[1]			
229	33	28	37	Send Inter-Cell Message	if a, send message to neighbor cell	6	4	1							rural cow	0011101111011010101001010101110100111000100010000011010111000010
230	33	29	37	Set Local Regulator	set local regulator value to a	7	5	5							good rockhopper	0001110010100110001000011000101111101111100100010110011011011110
231	33	30	37	Broadcast Intra-Cell Message	if a, send message to all other cardinals within cell	4	0	1							carved polecat	1011001011011010001011010101110101111100100000010011000010010010
232	33	31	37	Set Local Regulator	set local regulator value to a	5	1	5							adored beaver	0001110010100111101000011000101111101111100100110110011011011110
233	33	32	37	Local Anchor	register a local jump-to destination	4	0	1							highfalutin bear	1011101011011010001011010101110101111100100000010011000010010010
234	33	33	37	Write Own State	if b, state = a	0	5	1			RepLevRequest	0	RepLevRequest[0]			
235	33	34	37	Logical And	a = b \&\& c	4	5	1								
236	33	35	37	Local Anchor	register a local jump-to destination	4	2	7							unbecoming chimpanzee	0110011110000111100111001101011001111000100110010100011100110110
237	33	36	37	Read Neighbor State	a = state	2	3	1			KinGroupWillExpire	0	KinGroupWillExpire[0]			
238	34	0	1	Global Anchor	register a global jump-to destination, maybe terminate	7	5	1							jobless seastar	1010101000000000010101001011100010111000000111110000101111111100
239	35	0	7	Global Anchor	register a global jump-to destination, maybe terminate	3	7	2							suburban narwhal	0110111110011110000100100110111000000100011111110100100001011000
240	35	1	7	Local Anchor	register a local jump-to destination	6	3	0							puzzled cottonmouth	1001110110001010110111111101111010110111010101000011000111110101
241	35	2	7	Terminal	a = value	4	6	0	-28.3538							
242	35	3	7	Read Own State	a = state	1	0	4			KinGroupIDAncestorView	0	KinGroupIDAncestorView[0]			
243	35	4	7	Read Own State	a = state	5	2	7			SpawnRequest	0	SpawnRequest[0]			
244	35	5	7	Send Inter-Cell Message	if a, send message to neighbor cell	3	6	4							deadpan pelican	0101100001110111011011010011100110010110001101101110110010101011
245	35	6	7	Count Ones	a = popcnt( b )	5	3	6								
246	36	0	10	Global Anchor	register a global jump-to destination, maybe terminate	3	5	3							irresponsible tarantula	0101000010110011000110001101011101000101010001010001110000110101
247	36	1	10	Terminal	a = value	5	3	2	-1.65855							
248	36	2	10	Local Anchor	register a local jump-to destination	4	1	1							infatuated harp	1100001111101110011010000010101000000101101000001111000110001000
249	36	3	10	Read Own State	a = state	1	0	4			KinGroupIDAncestorView	0	KinGroupIDAncestorView[0]			
250	36	4	10	Read Own State	a = state	5	3	7			SpawnRequest	0	SpawnRequest[0]			
251	36	5	10	Send Inter-Cell Message	if a, send message to neighbor cell	3	6	4							admirable rhea	0101100001110111011011010011100110010110011101101110110110101011
252	36	6	10	Logical And	a = b \&\& c	6	5	2								
253	36	7	10	Bitwise Not	a = \textasciitilde{}b	0	1	1								
254	36	8	10	Send Intra-Cell Message	if a, send message another cardinal within cell	7	2	3							kaleidoscopic shrimp	0000101100100001101001011100000111110101011110101101001010101010
255	36	9	10	Read Neighbor State	a = state	1	2	1			NopState	0	NopState[0]			
256	37	0	4	Global Anchor	register a global jump-to destination, maybe terminate	7	3	2							bold secretary	0110011100000000001111110111110111100001101100000010110011111110
257	37	1	4	Terminal	a = value	2	6	0	2.77907							
258	37	2	4	RandomFill	fill a with uniformly-distributed random bits	2	6	4								
259	37	3	4	Count Ones	a = popcnt( b )	5	3	6								
260	38	0	27	Global Anchor	register a global jump-to destination, maybe terminate	3	5	3							irresponsible tarantula	0101000010110011000110001101011101000101010001010001110000110101
261	38	1	27	Terminal	a = value	5	3	2	-1.65856							
262	38	2	27	Local Anchor	register a local jump-to destination	4	1	5							infatuated harp	1100001111101110011010000010101000000101101000001111000110001000
263	38	3	27	Set Secondary Global Regulator	set global regulator value to a	2	0	0						1	sizzling rottweiler	1000011110000001101010011100011010010011111011011011011111100010
264	38	4	27	Modulo	a = b \% c	3	1	5								
265	38	5	27	Terminal	a = value	1	4	2	9.29557							
266	38	6	27	Local Anchor	register a local jump-to destination	3	5	3							awkward ani	0110000001110000001101111100100110100001000010010001101010110011
267	38	7	27	Local Anchor	register a local jump-to destination	4	0	4							wrong harp	0000010011101000100100101100100001100111011001101011101100011111
268	38	8	27	Generate Random Bool	if p, a = 1; else a = 0	3	3	1		0.343714						
269	38	9	27	Multiply Own State	state *= a	4	0	0			HeirRequest	0	HeirRequest[0]			
270	38	10	27	Read Own State	a = state	3	0	1			IsChildCellOf	0	IsChildCellOf[0]			
271	38	11	27	Negate	a = -a	7	1	2								
272	38	12	27	Decay Secondary Global Regulator	decay global regulator value by register a	3	1	1						1	inventive meerkat	0101011111111101001000000011000001100111011001101010110101110100
273	38	13	27	Terminal	a = value	4	6	2	0.787094							
274	38	14	27	Get Global Regulator	a = global regulator value	6	1	6						0	judgmental narwhal	0100000100000011101000100100011001111101010000000110111011000100
275	38	15	27	Local Jump If	if a, goto tag match local anchor	6	2	6							magical setter	0101000101010011011100100100001000111101010010000110010011000100
276	38	16	27	Read Neighbor State	a = state	7	5	2			KinGroupIDAncestorView	1	KinGroupIDAncestorView[1]			
277	38	17	27	Local Jump If	if a, goto tag match local anchor	7	5	2							aspiring ant	1100011110010111100110101110010100101101110011111100001100110111
278	38	18	27	Nop-0	perform no operation	2	4	7								
279	38	19	27	Logical Or	a = b \textbar{}\textbar{} c	2	0	3								
280	38	20	27	Read Own State	a = state	3	6	4			IsNewborn	0	IsNewborn[0]			
281	38	21	27	Local Anchor	register a local jump-to destination	2	3	0							understood shepherd	0101111010000011010110001100011100010011110111010000000011110011
282	38	22	27	Bitwise And	a = b \& c	2	7	7								
283	38	23	27	Local Anchor	register a local jump-to destination	6	2	3							fickle heron	0000100111010011011100100111101111100100010001100111000000000111
284	38	24	27	Terminal	a = value	0	3	1	-16292.7							
285	38	25	27	Read Own State	a = state	5	3	3			NeighborKinGroupWillExpire	0	NeighborKinGroupWillExpire[0]			
286	38	26	27	Local Anchor	register a local jump-to destination	4	6	0							deafening cockroach	0000101110110011110001101010110010010010011001001101101010111101
287	39	0	4	Global Anchor	register a global jump-to destination, maybe terminate	4	4	5							frozen pointer	1010011101110101000101110011010001001111010000010100101001110101
288	39	1	4	Send Inter-Cell Message	if a, send message to neighbor cell	3	6	4							admirable mink	0101010010111000111010111100011001100110010100011011011001000101
289	39	2	4	Terminal	a = value	2	3	0	-2.35291							
290	39	3	4	Bitwise And	a = b \& c	2	5	7								
291	40	0	14	Global Anchor	register a global jump-to destination, maybe terminate	4	2	4							exasperating cats	1101011010011101010010110001010001001001101110011000011110100101
292	40	1	14	Send Inter-Cell Message	if a, send message to neighbor cell	3	6	4							shiny right	0101110010111000111010111100010001100110010100111011011001000101
293	40	2	14	Local Anchor	register a local jump-to destination	2	3	0							resentful penguin	0001111111000011010110001100011100000011110011010000000000110011
294	40	3	14	Bitwise And	a = b \& c	2	5	7								
295	40	4	14	Nop-2	perform no operation	4	2	4								
296	40	5	14	Terminal	a = value	2	5	2	-0.831769							
297	40	6	14	Bitwise Shift	a = b << c	4	3	6								
298	40	7	14	Negate	a = -a	2	2	7								
299	40	8	14	Multiply	a = b * c	3	3	5								
300	40	9	14	Local Anchor	register a local jump-to destination	4	2	6							melancholy otter	0000011100110011011110011100000100010011100110010101111001011010
301	40	10	14	Local Anchor	register a local jump-to destination	6	2	3							responsible mushroom	0000100111110010011000100111101111100000010001100111000000000111
302	40	11	14	Send Intra-Cell Message	if a, send message another cardinal within cell	0	3	3							entertaining rodent	0111101011110011011011110100110110110101001010000000100110010011
303	40	12	14	Logical And	a = b \&\& c	5	3	3								
304	40	13	14	Local Anchor	register a local jump-to destination	5	6	0							elliptical nudibranch	0000101110110110110001101010110010010010011001001101101010111101
305	41	0	10	Global Anchor	register a global jump-to destination, maybe terminate	0	4	5							beneficent flatworm	1010010101111000000101110011010001001011010000000100101001110101
306	41	1	10	Terminal	a = value	4	1	1	-10.7109							
307	41	2	10	Terminal	a = value	1	0	0	0.173226							
308	41	3	10	Write Own State	if b, state = a	7	1	6			NopState	2	NopState[2]			
309	41	4	10	Draw Random Value	a = weighted draw from random number generator	2	0	7								
310	41	5	10	Terminal	a = value	6	7	5	-0.356372							
311	41	6	10	Bitwise And	a = b \& c	6	0	6								
312	41	7	10	Nop-2	perform no operation	7	4	3								
313	41	8	10	Terminal	a = value	6	6	5	-0.352512							
314	41	9	10	Terminal	a = value	4	6	5	0.313987							
315	42	0	4	Global Anchor	register a global jump-to destination, maybe terminate	4	7	0							rotating narwhal	0110100101000000011101000011111000101011000011010010100001100110
316	42	1	4	Bitwise Xor	a = b \textasciicircum{} c	2	4	2								
317	42	2	4	Terminal	a = value	2	3	0	89.2276							
318	42	3	4	Multiply Own State	state *= a	1	2	4			ResourceReserveRequest	0	ResourceReserveRequest[0]			
319	43	0	15	Global Anchor	register a global jump-to destination, maybe terminate	6	7	2							immense spaniel	1101100110001001010011110110101101011000101001000110011001001100
320	43	1	15	Read Neighbor State	a = state	7	6	0			NumKnownQuorumBits	0	NumKnownQuorumBits[0]			
321	43	2	15	Bitwise Or	a = b \textbar{} c	2	3	2								
322	43	3	15	Adjust Local Regulator	adjust local regulator value by a	1	5	4							kosher salmon	0101011010111111010110000010110010110011011010100010101011011001
323	43	4	15	Increment	a = a + 1	5	1	1								
324	43	5	15	Send Intra-Cell Message	if a, send message another cardinal within cell	5	5	3							temporary opossums	1110101011100011101111110110101100000100100001001100000011010110
325	43	6	15	Write Own State	if b, state = a	5	5	1			SpawnRequest	0	SpawnRequest[0]			
326	43	7	15	Nop-1	perform no operation	2	7	3								
327	43	8	15	Divide	a = b / c	2	3	0								
328	43	9	15	Send Inter-Cell Message	if a, send message to neighbor cell	7	1	0							idiotic poodle	1011011100000111110110000100100111110110011110101011011010001001
329	43	10	15	Send Intra-Cell Message	if a, send message another cardinal within cell	7	5	5							flowing gnat	0101111100110010100111101001001101000010100001001010000100100100
330	43	11	15	Increment	a = a + 1	5	7	5								
331	43	12	15	Write Own State	if b, state = a	7	5	2			SpawnArrest	0	SpawnArrest[0]			
332	43	13	15	Equal	a = ( b == c )	4	0	2								
333	43	14	15	Equal	a = ( b == c )	3	7	2								
334	44	0	10	Global Anchor	register a global jump-to destination, maybe terminate	4	5	5							luxurious marten	0111011111011100101101101100011010100110010000000001001101010010
335	44	1	10	Send Intra-Cell Message	if a, send message another cardinal within cell	7	5	5							nappy hare	0101111100110010110111101001001101000010100001001010000110100100
336	44	2	10	Increment	a = a + 1	5	7	5								
337	44	3	10	Read Neighbor State	a = state	7	5	2			IsChildGroupOf	1	IsChildGroupOf[1]			
338	44	4	10	Equal	a = ( b == c )	4	0	2								
339	44	5	10	Logical Or	a = b \textbar{}\textbar{} c	2	7	2								
340	44	6	10	Bitwise Or	a = b \textbar{} c	0	7	0								
341	44	7	10	Not Equal	a = (b != c)	1	3	0								
342	44	8	10	Logical Or	a = b \textbar{}\textbar{} c	2	7	0								
343	44	9	10	Fork If	if a, submit fork request (processed when core terminates)	2	4	0							thick snare	1010111001011010000000010000010101110011011100100010000011110111
344	45	0	30	Global Anchor	register a global jump-to destination, maybe terminate	1	3	2							goofy vulture	1110000101111001001000000010001110000001110101110111011110110001
345	45	1	30	Read Own State	a = state	4	0	1			NopState	0	NopState[0]			
346	45	2	30	Write Own State	if b, state = a	5	7	3			TransientNopState	1	TransientNopState[1]			
347	45	3	30	Terminal	a = value	1	1	0	156.557							
348	45	4	30	Local Anchor	register a local jump-to destination	1	3	2							serious hound	0010010111010011011011001101100101101001011001000010100100001010
349	45	5	30	Write Own State	if b, state = a	5	5	1			ResourceReserveRequest	0	ResourceReserveRequest[0]			
350	45	6	30	Generate Random Bool	if p, a = 1; else a = 0	1	1	0		0.0927707						
351	45	7	30	Read Own State	a = state	5	7	1			ApoptosisRequest	0	ApoptosisRequest[0]			
352	45	8	30	Local Anchor	register a local jump-to destination	1	1	7							clueless secretary	0111111110100100110111010110101100010100011101101011110011110110
353	45	9	30	Local Jump If	if a, goto tag match local anchor	3	1	7							weak firefly	1000001110000111111101111000011000011101100101101111001101011100
354	45	10	30	Read Neighbor State	a = state	1	4	2			NumKnownQuorumBits	1	NumKnownQuorumBits[1]			
355	45	11	30	Get Global Regulator	a = global regulator value	3	0	7						0	utopian capercaillie	0110101111100100110011111100100101100100001111011111110011100110
356	45	12	30	Draw Random Value	a = weighted draw from random number generator	7	7	5								
357	45	13	30	Terminal	a = value	7	0	7	0.343176							
358	45	14	30	Local Anchor	register a local jump-to destination	0	7	6							crowded kite	0000010010011010001111001101010111100110011110110110000011000001
359	45	15	30	Nop-0	perform no operation	0	4	7								
360	45	16	30	Terminal	a = value	6	0	5	8.64109							
361	45	17	30	Nop-0	perform no operation	0	4	7								
362	45	18	30	Bitwise Shift	a = b << c	5	2	7								
363	45	19	30	Local Anchor	register a local jump-to destination	3	2	1							erect meerkat	0110011100010111001101000110000111111010010101100101010001101110
364	45	20	30	Read Own State	a = state	7	7	1			IsNewborn	0	IsNewborn[0]			
365	45	21	30	Send Inter-Cell Message	if a, send message to neighbor cell	5	4	1							new caiman	1100101110010111110111100011111000101100011111000111010100101110
366	45	22	30	Set Global Regulator	set global regulator value to a	0	7	4						0	trustworthy dolphin	1111011111011011010001010010011010010100111011000001010101100011
367	45	23	30	Bitwise Not	a = \textasciitilde{}b	7	4	7								
368	45	24	30	Nop-1	perform no operation	3	7	3								
369	45	25	30	Terminal	a = value	0	2	1	-13.8505							
370	45	26	30	Terminal	a = value	6	0	5	8.6403							
371	45	27	30	Set Secondary Global Regulator	set global regulator value to a	7	2	6						1	unknown raccoon	1001110010000000100010000010100111100100001101001110111010001001
372	45	28	30	Local Anchor	register a local jump-to destination	4	2	3							crashing hamster	0010111101010101100000001111101011001111000010000000100110111010
373	45	29	30	Less Than	a = ( b < c )	5	6	7								
374	46	0	8	Global Anchor	register a global jump-to destination, maybe terminate	4	5	0							unbiased husky	1101011010000101000011110111101101011010001001011101010110100111
375	46	1	8	Decay Global Regulator	decay global regulator value by register a	7	0	6						0	productive porpoise	1010011000001001011101101001101010011100011110101111010110110101
376	46	2	8	Local Anchor	register a local jump-to destination	4	7	6							devoted frigate	0100010010011010001111011101010111100010011110010110000011000001
377	46	3	8	Nop-0	perform no operation	0	0	7								
378	46	4	8	Terminal	a = value	7	0	5	-491791							
379	46	5	8	Decay Secondary Global Regulator	decay global regulator value by register a	2	1	2						1	open ragdoll	1000101000010000010101100011000000110101111001110011010101011001
380	46	6	8	Bitwise And	a = b \& c	6	4	3								
381	46	7	8	Nop-2	perform no operation	3	7	5								
382	47	0	42	Global Anchor	register a global jump-to destination, maybe terminate	5	1	3							fierce tiger	1001110001010011111101010111111110001110011001001011001010101011
383	47	1	42	Bitwise Shift	a = b << c	2	3	7								
384	47	2	42	Nop-1	perform no operation	0	5	3								
385	47	3	42	Get Secondary Global Regulator	a = global regulator value	0	3	7						1	violet tarantula	1010110100110100110101000011101000111110001000011110000101101011
386	47	4	42	Bitwise Shift	a = b << c	2	3	7								
387	47	5	42	Nop-1	perform no operation	0	5	3								
388	47	6	42	Generate Random Bool	if p, a = 1; else a = 0	0	5	0		0.919465						
389	47	7	42	Global Jump If Not	if !a, goto global anchor; if !b, clear registers	0	5	2							pink person	1111011110101001101001001100110101101010101000000011001101010110
390	47	8	42	Bitwise Shift	a = b << c	0	7	7								
391	47	9	42	Bitwise Shift	a = b << c	6	3	7								
392	47	10	42	Bitwise Shift	a = b << c	6	3	7								
393	47	11	42	Set Local Regulator	set local regulator value to a	5	0	0							outlying sphynx	1111111011000110010100010000101011110011001001111110010101010011
394	47	12	42	Bitwise Shift	a = b << c	2	3	7								
395	47	13	42	Nop-1	perform no operation	0	4	3								
396	47	14	42	Bitwise Shift	a = b << c	0	3	7								
397	47	15	42	Get Secondary Global Regulator	a = global regulator value	2	3	7						1	hippie kiwi	1010110000110100110100000001101000111010001000010110000101101011
398	47	16	42	Nop-1	perform no operation	0	5	3								
399	47	17	42	Bitwise Shift	a = b << c	0	3	7								
400	47	18	42	Nop-1	perform no operation	0	5	7								
401	47	19	42	Draw Random Value	a = weighted draw from random number generator	0	5	1								
402	47	20	42	Divide	a = b / c	0	5	3								
403	47	21	42	Logical Or	a = b \textbar{}\textbar{} c	0	3	7								
404	47	22	42	Read Own State	a = state	4	1	2			IsChildCellOf	0	IsChildCellOf[0]			
405	47	23	42	Divide	a = b / c	0	5	3								
406	47	24	42	Local Anchor	register a local jump-to destination	5	7	3							thoughtless wombat	0111100110011000110111100001010100101001010100011100011011111110
407	47	25	42	Subtract	a = b - c	1	6	1								
408	47	26	42	Read Own State	a = state	1	0	4			IsChildCellOf	0	IsChildCellOf[0]			
409	47	27	42	Read Neighbor State	a = state	6	5	7			NeighborFragmented	0	NeighborFragmented[0]			
410	47	28	42	Write Own State	if b, state = a	4	7	7			SpawnRequest	0	SpawnRequest[0]			
411	47	29	42	Increment	a = a + 1	0	5	3								
412	47	30	42	Send Intra-Cell Message	if a, send message another cardinal within cell	0	5	7							joint duck	1010010000101010000011101011100100001001001101000111100010100111
413	47	31	42	Write Own State	if b, state = a	4	7	1			SpawnArrest	0	SpawnArrest[0]			
414	47	32	42	Divide	a = b / c	3	7	3								
415	47	33	42	Logical Or	a = b \textbar{}\textbar{} c	0	7	3								
416	47	34	42	Local Anchor	register a local jump-to destination	0	5	3							tragic urchin	1000010100101010011001101011110111001011001101100111000010100111
417	47	35	42	Get Local Regulator	a = local regulator value	5	5	1							low tortoise	1101010011111000100011101010100001000111011101011111010111101100
418	47	36	42	Generate Random Bool	if p, a = 1; else a = 0	6	0	2		0.424584						
419	47	37	42	Not	a = !a	3	5	7								
420	47	38	42	Read Own State	a = state	6	5	4			PhylogeneticRootView	0	PhylogeneticRootView[0]			
421	47	39	42	Set Local Regulator	set local regulator value to a	2	4	4							unsure crustacean	0011011110111110011010001110011101011100010001011010000110001111
422	47	40	42	Adjust Local Regulator	adjust local regulator value by a	5	7	7							tasteless guineafowl	0100000111101011100001110011100001111100000101011111000010111010
423	47	41	42	Bitwise Shift	a = b << c	1	6	6								
424	48	0	19	Global Anchor	register a global jump-to destination, maybe terminate	0	0	2							drowsy bass	0110001100111000010100011000011101100111000011010110110110011011
425	48	1	19	Divide	a = b / c	5	5	4								
426	48	2	19	Read Neighbor State	a = state	2	5	2			KinGroupIDAncestorView	0	KinGroupIDAncestorView[0]			
427	48	3	19	Read Neighbor State	a = state	3	6	2			CellAge	0	CellAge[0]			
428	48	4	19	Local Anchor	register a local jump-to destination	5	2	2							fiery king	0000100000001001001110110011100000100110110011101111111100101100
429	48	5	19	Read Own State	a = state	6	7	6			NeighborOptimumQuorumExceeded	1	NeighborOptimumQuorumExceeded[1]			
430	48	6	19	Set Local Regulator	set local regulator value to a	2	5	4							grown booby	0011011010111110011010001110011101011100010001011010000110101111
431	48	7	19	Terminal	a = value	3	2	3	0.224082							
432	48	8	19	Adjust Global Regulator	adjust global regulator value by a	7	6	2						0	crushing thrip	1010100001101111011000101011110000110001101011010001111100010011
433	48	9	19	Bitwise And	a = b \& c	1	1	4								
434	48	10	19	RandomFill	fill a with uniformly-distributed random bits	5	4	0								
435	48	11	19	Get Local Regulator	a = local regulator value	7	2	7							jumpy vole	0000000111110001100110100101000100101000000001101101001100101111
436	48	12	19	Local Anchor	register a local jump-to destination	7	0	3							deviant pelican	1011110011111000011111010001001011010110101010100001001001110011
437	48	13	19	Logical And	a = b \&\& c	0	0	2								
438	48	14	19	Bitwise Shift	a = b << c	4	4	5								
439	48	15	19	Terminal	a = value	3	6	6	0.864839							
440	48	16	19	Local Anchor	register a local jump-to destination	1	3	3							gentle bengal	0011011001110110010010111100110011011100001000001011100011001010
441	48	17	19	Logical Or	a = b \textbar{}\textbar{} c	0	4	7								
442	48	18	19	Nop-2	perform no operation	5	6	7								
443	49	0	5	Global Anchor	register a global jump-to destination, maybe terminate	6	2	5							austere turtle	1010101100110010100101110010110100001011010111101101100111110000
444	49	1	5	Decay Local Regulator	decay local regulator value by register a	0	6	1							vengeful stag	0111111110100000001001100100111110110000000001001111101100011111
445	49	2	5	Terminal	a = value	4	4	0	-0.303057							
446	49	3	5	Local Anchor	register a local jump-to destination	3	7	6							picayune hippopotamus	1010111000011110110001010111110110001011010111011100001110001111
447	49	4	5	Bitwise Shift	a = b << c	7	4	0								
448	50	0	10	Global Anchor	register a global jump-to destination, maybe terminate	0	5	6							simplistic caterpillar	1101100111100111110010000000011010101000111010110011111001001010
449	50	1	10	Bitwise Shift	a = b << c	7	0	0								
450	50	2	10	Read Neighbor State	a = state	6	1	7			Epoch	0	Epoch[0]			
451	50	3	10	Read Own State	a = state	6	0	2			IsParentGroupOf	1	IsParentGroupOf[1]			
452	50	4	10	Local Anchor	register a local jump-to destination	6	6	7							rigid limpet	1100110101001000110100110001011101100001100001001111100001000001
453	50	5	10	Local Anchor	register a local jump-to destination	4	5	5							impressionable kudu	0111101000100110100001111010101011000010101111000111011001111000
454	50	6	10	Write Own State	if b, state = a	1	5	0			TransientNopState	3	TransientNopState[3]			
455	50	7	10	Local Anchor	register a local jump-to destination	6	6	7							grieving llama	1100110101001000110100110001001101100001100001001111100101000101
456	50	8	10	Local Anchor	register a local jump-to destination	4	5	5							scrawny seal	0111101000100110100001111010101011000011101111000111011001111000
457	50	9	10	Write Own State	if b, state = a	1	5	0			TransientNopState	1	TransientNopState[1]			
458	51	0	3	Global Anchor	register a global jump-to destination, maybe terminate	2	0	2							tremendous pintail	1101010110110000100101110101011100100000000111100101000010000011
459	51	1	3	Local Anchor	register a local jump-to destination	6	4	3							miserable corncrake	1111001000110110010011010000011000111010001111101111101100101100
460	51	2	3	Terminal	a = value	0	2	5	-0.0348913							
461	52	0	2	Global Anchor	register a global jump-to destination, maybe terminate	5	1	1							heady gemsbok	0011100000100010000000100100010001000110001111101100001011010001
462	52	1	2	Read Own State	a = state	4	6	0			RicherThanNeighbor	0	RicherThanNeighbor[0]			
463	53	0	8	Global Anchor	register a global jump-to destination, maybe terminate	1	1	1							dangerous duiker	0011100001100010000000100100010001000100001111101100001011010001
464	53	1	8	Set Global Regulator	set global regulator value to a	7	2	1						0	gripping porcupine	0110011001000101110101000001110001001100000100100000010011111101
465	53	2	8	Less Than	a = ( b < c )	6	3	0								
466	53	3	8	Local Anchor	register a local jump-to destination	1	4	6							broad prevost	1001110010011011000111000100100000000110110001110101111101011010
467	53	4	8	Local Jump If	if a, goto tag match local anchor	4	2	2							light dalmatian	1001010001100011001011111111110010101101110010110101110010101101
468	53	5	8	Local Anchor	register a local jump-to destination	0	4	6							toothsome wombat	1001110110011011010111000100100000000110110001110001001101011010
469	53	6	8	Terminal	a = value	1	0	2	-10.5958							
470	53	7	8	Set Local Regulator	set local regulator value to a	5	4	1							courageous termite	0010111000000000001110100010110101111110110101100110010110101111
471	54	0	9	Global Anchor	register a global jump-to destination, maybe terminate	1	1	2							intrigued tapir	1100111000011010010111101000100001100011000010010101011111011001
472	54	1	9	Less Than	a = ( b < c )	7	2	1								
473	54	2	9	Get Local Regulator	a = local regulator value	1	0	6							inferior caiman	0110010110111001000010001010010001001110000111001001100010100111
474	54	3	9	Add To Own State	state += a	5	4	1			TransientNopState	3	TransientNopState[3]			
475	54	4	9	Less Than	a = ( b < c )	5	0	1								
476	54	5	9	Less Than	a = ( b < c )	3	0	1								
477	54	6	9	Logical And	a = b \&\& c	3	5	7								
478	54	7	9	Bitwise Not	a = \textasciitilde{}b	2	5	4								
479	54	8	9	Terminal	a = value	7	6	4	-0.736573							
480	55	0	2	Global Anchor	register a global jump-to destination, maybe terminate	2	6	5							spooky bug	0011010100111100111100010011010101110001010000001101101010001111
481	55	1	2	Add To Own State	state += a	3	6	0			RepLevRequest	1	RepLevRequest[1]			
482	56	0	3	Global Anchor	register a global jump-to destination, maybe terminate	0	7	3							quaint limpet	0011110001001001110101111101101001010011101001011001010111001101
483	56	1	3	Decay Secondary Global Regulator	decay global regulator value by register a	0	1	6						1	tight donkey	0011001101000001011011100001011011010101101011001110101010010100
484	56	2	3	Fork If	if a, submit fork request (processed when core terminates)	4	2	6							unfit gorillas	0110100100110010000101100010101111100011001101110100000010000001
485	57	0	8	Global Anchor	register a global jump-to destination, maybe terminate	2	6	5							different kookaburra	0011110100111000011100010011110101110001010000010101101010010111
486	57	1	8	Read Own State	a = state	3	4	6			KinGroupIDAncestorView	1	KinGroupIDAncestorView[1]			
487	57	2	8	Get Local Regulator	a = local regulator value	4	7	5							thorny flamingo	0000011011010001111110010100001011100000111001011011110001010110
488	57	3	8	Multiply	a = b * c	3	4	4								
489	57	4	8	Nop-0	perform no operation	4	1	4								
490	57	5	8	Not Equal	a = (b != c)	6	7	4								
491	57	6	8	Not Equal	a = (b != c)	6	7	4								
492	57	7	8	Get Global Regulator	a = global regulator value	5	5	5						0	spiritual ant	1001001101001000000101101110110111010010101110011100010011110111
493	58	0	22	Global Anchor	register a global jump-to destination, maybe terminate	0	7	3							geographic copperhead	0010110001001011111101111101101001010011100001011001010111001101
494	58	1	22	Get Secondary Global Regulator	a = global regulator value	0	1	6						1	easygoing gibbon	0011011101001001011011100001011011010101101011011110001010010100
495	58	2	22	Read Own State	a = state	3	6	6			KinGroupIDAncestorView	1	KinGroupIDAncestorView[1]			
496	58	3	22	Get Local Regulator	a = local regulator value	4	7	5							thorny flamingo	0000011011010001111110010100001011100000111001011011110001010110
497	58	4	22	Multiply	a = b * c	3	5	4								
498	58	5	22	Nop-0	perform no operation	4	1	4								
499	58	6	22	Not Equal	a = (b != c)	6	7	4								
500	58	7	22	Get Global Regulator	a = global regulator value	5	5	5						0	spirited zebra	1001001101001000000101101110110111010010101110011100010011100111
501	58	8	22	Read Neighbor State	a = state	1	5	7			KinGroupIDAncestorView	0	KinGroupIDAncestorView[0]			
502	58	9	22	Read Own State	a = state	7	4	0			NeighborIsNewborn	0	NeighborIsNewborn[0]			
503	58	10	22	Terminal	a = value	6	5	4	0.896754							
504	58	11	22	Read Own State	a = state	7	5	3			NeighborKinGroupWillExpire	0	NeighborKinGroupWillExpire[0]			
505	58	12	22	Bitwise Not	a = \textasciitilde{}b	2	2	3								
506	58	13	22	Local Anchor	register a local jump-to destination	2	1	1							rapping gorilla	0101111110111100110101000011100001100110101011010111000000110101
507	58	14	22	Not Equal	a = (b != c)	6	2	4								
508	58	15	22	Local Anchor	register a local jump-to destination	2	1	1							rapping gorilla	0101111110111100110101000011100001100110101011010111000000110101
509	58	16	22	Not Equal	a = (b != c)	6	2	4								
510	58	17	22	Send Inter-Cell Message	if a, send message to neighbor cell	7	4	7							conscious mockingbird	0011110001011001011000001110011110011010101011001011010111000110
511	58	18	22	Read Own State	a = state	3	2	2			TransientNopState	2	TransientNopState[2]			
512	58	19	22	Read Neighbor State	a = state	6	2	4			StockpileFecund	0	StockpileFecund[0]			
513	58	20	22	Less Than	a = ( b < c )	2	7	5								
514	58	21	22	Draw Random Value	a = weighted draw from random number generator	3	7	1								
515	59	0	1	Global Anchor	register a global jump-to destination, maybe terminate	5	1	6							cheery aardvark	1001000000011011010001101001110000011001010000111110111001101010
516	60	0	1	Global Anchor	register a global jump-to destination, maybe terminate	2	1	5							hysterical ibis	0011100101100001011100100111001101110101011101011010111101001001
517	61	0	8	Global Anchor	register a global jump-to destination, maybe terminate	6	7	1							gripping sloth	1000011101011011100100110100001100000011111000010010000011110010
518	61	1	8	Decrement	a = a - 1	6	4	0								
519	61	2	8	Greater Than	a = ( b > c )	0	3	2								
520	61	3	8	Send Inter-Cell Message	if a, send message to neighbor cell	7	7	7							unmotivated katydid	0011110001011001011000001000011110011010101011001101010110000010
521	61	4	8	Read Own State	a = state	6	2	6			KinGroupIDView	0	KinGroupIDView[0]			
522	61	5	8	Read Own State	a = state	7	4	0			KinGroupIDAncestorView	1	KinGroupIDAncestorView[1]			
523	61	6	8	Adjust Global Regulator	adjust global regulator value by a	6	2	5						0	sullen ant	0001101111000101001010111010111110111111111011110010010101010000
524	61	7	8	Add To Own State	state += a	1	0	4			RepLevRequest	1	RepLevRequest[1]			
525	62	0	14	Global Anchor	register a global jump-to destination, maybe terminate	2	5	3							direful pigeon	0001101101101101101000000011011010110101100110110001100110011000
526	62	1	14	Read Neighbor State	a = state	6	2	4			StockpileFecund	0	StockpileFecund[0]			
527	62	2	14	Send Inter-Cell Message	if a, send message to neighbor cell	7	7	7							unmotivated katydid	0011110001011001011000001000011110011010101011001101010110000010
528	62	3	14	Read Own State	a = state	6	2	6			Epoch	0	Epoch[0]			
529	62	4	14	Read Own State	a = state	7	4	0			KinGroupIDAncestorView	1	KinGroupIDAncestorView[1]			
530	62	5	14	Local Anchor	register a local jump-to destination	6	2	5							lively deer	0101101111000101001010111010110110111111111011110010010101010000
531	62	6	14	Add To Own State	state += a	3	0	4			TransientNopState	3	TransientNopState[3]			
532	62	7	14	Logical And	a = b \&\& c	2	5	3								
533	62	8	14	Generate Random Bool	if p, a = 1; else a = 0	4	7	4		0.928275						
534	62	9	14	Read Own State	a = state	0	7	7			ApoptosisRequest	0	ApoptosisRequest[0]			
535	62	10	14	Generate Random Bool	if p, a = 1; else a = 0	2	0	1		0.857228						
536	62	11	14	Negate	a = -a	7	4	7								
537	62	12	14	Write Own State	if b, state = a	1	4	7			ResourceReserveRequest	0	ResourceReserveRequest[0]			
538	62	13	14	Adjust Global Regulator	adjust global regulator value by a	6	6	1						0	live muskox	1010000001100010001011100000010001000001111100100011111001101011
539	63	0	7	Global Anchor	register a global jump-to destination, maybe terminate	0	7	7							pretend pintail	1111101000010111100110000111110110001001101101000000110100110110
540	63	1	7	Generate Random Bool	if p, a = 1; else a = 0	2	0	1		0.857228						
541	63	2	7	Negate	a = -a	7	4	5								
542	63	3	7	Logical And	a = b \&\& c	0	7	7								
543	63	4	7	Generate Random Bool	if p, a = 1; else a = 0	2	0	1		0.857228						
544	63	5	7	Negate	a = -a	7	4	5								
545	63	6	7	Write Own State	if b, state = a	1	4	7			SpawnRequest	0	SpawnRequest[0]			
546	64	0	9	Global Anchor	register a global jump-to destination, maybe terminate	6	6	1							spotty crustacean	1010000101100010001011101010010001000001111100100011111001101011
547	64	1	9	Read Own State	a = state	0	7	7			ApoptosisRequest	0	ApoptosisRequest[0]			
548	64	2	9	Read Own State	a = state	2	0	1			KinGroupMatch	0	KinGroupMatch[0]			
549	64	3	9	Negate	a = -a	7	4	5								
550	64	4	9	Write Own State	if b, state = a	1	5	7			ResourceReserveRequest	0	ResourceReserveRequest[0]			
551	64	5	9	Set Global Regulator	set global regulator value to a	4	6	7						0	homeless tamanduas	1000011011010110110011010100111011100011000111001001111000110000
552	64	6	9	Add To Own State	state += a	6	4	2			HeirRequest	0	HeirRequest[0]			
553	64	7	9	Get Global Regulator	a = global regulator value	1	5	0						0	cordial hermit	0101000100000100011101111010101101110010101101110111101111011110
554	64	8	9	Local Anchor	register a local jump-to destination	5	3	1							maniacal angelfish	0001001100000110001101101011101011100100010101001111010011100110
555	65	0	1	Global Anchor	register a global jump-to destination, maybe terminate	5	5	2							alert corgi	1100001000101111000110100100011000000100011001010110100110111001
556	66	0	2	Global Anchor	register a global jump-to destination, maybe terminate	1	6	0							little peccary	1010110110111010011010010010010110111001001111101101111010000001
557	66	1	2	Local Anchor	register a local jump-to destination	1	3	1							remorseful leopard	0001001110000110101001101011101011100100011101011011010011100110
558	67	0	5	Global Anchor	register a global jump-to destination, maybe terminate	2	7	1							automatic shad	0111101101010100101100011010101011000110101101111010010111100000
559	67	1	5	Terminal	a = value	2	2	4	3.10007							
560	67	2	5	Local Jump If Not	if !a, goto tag match local anchor	0	0	5							clear cowfish	1011100011011101001111011100100101001011010100001000111101011101
561	67	3	5	Local Anchor	register a local jump-to destination	1	5	1							six iguana	0101010000001000000011110111010101101011111100110010010100011010
562	67	4	5	Bitwise Xor	a = b \textasciicircum{} c	5	4	4								
563	68	0	7	Global Anchor	register a global jump-to destination, maybe terminate	5	7	6							tawdry skimmer	0011101110100000101110001010000111110010101000110111001110110101
564	68	1	7	Less Than	a = ( b < c )	3	1	6								
565	68	2	7	Equal	a = ( b == c )	0	0	6								
566	68	3	7	Local Anchor	register a local jump-to destination	6	4	6							romantic spurfowl	0111000101110111010011001111110110010101001100011101100010000101
567	68	4	7	Local Anchor	register a local jump-to destination	0	1	2							versed numbat	0011100110011011100101111111011101011010101101100110111011001110
568	68	5	7	Read Own State	a = state	6	2	6			Epoch	0	Epoch[0]			
569	68	6	7	Multiply Own State	state *= a	5	1	7			SpawnArrest	0	SpawnArrest[0]			
570	69	0	13	Global Anchor	register a global jump-to destination, maybe terminate	1	1	3							stupid ladybird	0110000000111111100001110000110101101110001110101101000111001001
571	69	1	13	Terminal	a = value	3	5	6	-89.6354							
572	69	2	13	Read Own State	a = state	2	7	2			NopState	3	NopState[3]			
573	69	3	13	Local Anchor	register a local jump-to destination	2	6	0							original anteater	1101000011010101100010000100100000011100011110001111000110001010
574	69	4	13	Less Than	a = ( b < c )	4	4	5								
575	69	5	13	Send Intra-Cell Message	if a, send message another cardinal within cell	4	3	0							impartial komodo	0001101010111001001101011010111001110110010110100110100011011100
576	69	6	13	Subtract	a = b - c	0	6	7								
577	69	7	13	Send Intra-Cell Message	if a, send message another cardinal within cell	6	3	0							giddy booby	0001101010111011001001010010111011110110010100100110100011011100
578	69	8	13	Subtract	a = b - c	0	6	7								
579	69	9	13	Read Own State	a = state	2	7	2			ResourceSendRequest	0	ResourceSendRequest[0]			
580	69	10	13	Send Intra-Cell Message	if a, send message another cardinal within cell	4	3	0							exotic mussel	0000101010111001011111010010110011110100010110100110100011011100
581	69	11	13	Multiply	a = b * c	0	6	7								
582	69	12	13	Read Own State	a = state	2	7	2			NumKnownQuorumBits	0	NumKnownQuorumBits[0]			
583	70	0	1	Global Anchor	register a global jump-to destination, maybe terminate	4	4	5							primary hornbill	1111000010111111011100111111000001101110110100110001000101010011
584	71	0	5	Global Anchor	register a global jump-to destination, maybe terminate	5	3	0							garrulous coatimundi	0001101010111101001001010010011011110110000110100010100000011100
585	71	1	5	Read Own State	a = state	6	7	2			SpawnRequest	0	SpawnRequest[0]			
586	71	2	5	Decay Secondary Global Regulator	decay global regulator value by register a	4	6	4						1	arrogant vicuna	1011011011001111011101101010110110001100001111110010000100101100
587	71	3	5	Decay Secondary Global Regulator	decay global regulator value by register a	2	6	0						1	obsequious jaguar	1111000011010100100010010100100000111100011111001011000110001000
588	71	4	5	Bitwise Not	a = \textasciitilde{}b	2	3	0								
589	72	0	4	Global Anchor	register a global jump-to destination, maybe terminate	2	6	0							hawaiian horseshoe	1111000011010100110010010100100000001100001110001111010110001000
590	72	1	4	Modulo	a = b \% c	2	3	0								
591	72	2	4	Send Intra-Cell Message	if a, send message another cardinal within cell	1	7	0							fearless octopus	1000110111101010011010100010010011110101110100010101000011100001
592	72	3	4	Local Anchor	register a local jump-to destination	0	5	2							stocky seagull	0011000011010110001000100111110100010111111110010011111110000111
593	73	0	6	Global Anchor	register a global jump-to destination, maybe terminate	2	6	0							sparse pheasant	1011000011010100100010010100100000001100001110001111010110001000
594	73	1	6	Modulo	a = b \% c	2	3	0								
595	73	2	6	Send Intra-Cell Message	if a, send message another cardinal within cell	1	7	0							yummy gecko	1000100111101010011010100010010111110101110100010101000011100001
596	73	3	6	Local Anchor	register a local jump-to destination	0	5	2							diplomatic dolphin	0011000011010110001000100111110100011111111110010011111110000111
597	73	4	6	Decay Local Regulator	decay local regulator value by register a	7	6	0							inactive frog	1001000110100110100011101011100000010100101000010110000001010001
598	73	5	6	Terminal	a = value	4	7	0	5.98985							
599	74	0	7	Global Anchor	register a global jump-to destination, maybe terminate	5	1	6							improbable spinner	0110111101111101101010110111101110011000010000111001011110000111
600	74	1	7	Get Local Regulator	a = local regulator value	0	0	5							overwrought tenrec	1000010101011101100101010010010100001101010100000101011000100011
601	74	2	7	Set Secondary Global Regulator	set global regulator value to a	0	5	6						1	straight gemsbok	1000010100000100000101001101000101010000010111001011101001010101
602	74	3	7	Get Local Regulator	a = local regulator value	7	2	6							chilling elephant	0110011110000000010110011100011111001100001101001000110010010111
603	74	4	7	Increment	a = a + 1	1	7	0								
604	74	5	7	Bitwise Xor	a = b \textasciicircum{} c	0	5	2								
605	74	6	7	Terminal	a = value	4	7	0	4.33849							
606	75	0	6	Global Anchor	register a global jump-to destination, maybe terminate	5	1	6							fastidious cormorant	0110101101111101101010110111101110011000010000111001011110000111
607	75	1	6	Get Local Regulator	a = local regulator value	0	0	5							wee axolotl	1100010101011101100100010010010100001101010100000101011000100011
608	75	2	6	Set Secondary Global Regulator	set global regulator value to a	0	5	6						1	straight gemsbok	1000010100000100000101001101000101010000010111001011101001010101
609	75	3	6	Get Local Regulator	a = local regulator value	7	3	6							notable boar	0110011010000000010110011100011111001100001101001000110010010111
610	75	4	6	Increment	a = a + 1	1	7	0								
611	75	5	6	Bitwise Or	a = b \textbar{} c	0	5	2								
612	76	0	1	Global Anchor	register a global jump-to destination, maybe terminate	5	6	0							ferocious wasps	0100111000010110110000000011111010111101110000101101100011100010
613	77	0	8	Global Anchor	register a global jump-to destination, maybe terminate	7	7	4							apprehensive termite	0011101000011101000010111110001010110010011100110110000110101101
614	77	1	8	Send Inter-Cell Message	if a, send message to neighbor cell	3	0	0							crabby quoll	1100101011110110111011010101011011100010100000011100001110001100
615	77	2	8	Decay Local Regulator	decay local regulator value by register a	4	5	7							nautical eland	0100110001000110111111101011110010010101011110111000010100010110
616	77	3	8	Terminal	a = value	3	7	3	-0.23512							
617	77	4	8	Send Intra-Cell Message	if a, send message another cardinal within cell	5	2	4							different lightfoot	0000100011010101100100010000001101010111001101000011011100010010
618	77	5	8	Draw Random Value	a = weighted draw from random number generator	3	2	3								
619	77	6	8	Read Own State	a = state	7	6	0			IsChildGroupOf	0	IsChildGroupOf[0]			
620	77	7	8	Terminal	a = value	5	7	0	5.98985							
621	78	0	2	Global Anchor	register a global jump-to destination, maybe terminate	5	1	6							irresponsible myna	0110101101111101101010110111101110011000000000111001011110000111
622	78	1	2	Get Local Regulator	a = local regulator value	0	0	5							persnickety pintail	1000010101011101100110010010010100001101010100000101010000100011
623	79	0	12	Global Anchor	register a global jump-to destination, maybe terminate	6	3	6							revolting urchin	0101010101101101111101011110111001101011100000001010010011010001
624	79	1	12	Logical Or	a = b \textbar{}\textbar{} c	3	0	6								
625	79	2	12	Terminal	a = value	3	3	2	-2.75462							
626	79	3	12	Set Secondary Global Regulator	set global regulator value to a	0	5	6						1	stiff corncrake	1000010100000100000101001101000101010000010111001010101001010101
627	79	4	12	Terminal	a = value	7	0	7	-0.588531							
628	79	5	12	Terminal	a = value	7	4	0	-0.168869							
629	79	6	12	Terminal	a = value	1	3	6	-0.0379							
630	79	7	12	Local Jump If	if a, goto tag match local anchor	2	7	6							vast thrush	0111000111111000101001110001110001001010011111111101100101100101
631	79	8	12	Subtract	a = b - c	2	4	7								
632	79	9	12	Get Local Regulator	a = local regulator value	4	4	1							parched dauber	1000111011111011000010110101001001100011001111011000100100101110
633	79	10	12	Get Local Regulator	a = local regulator value	2	3	4							bloodcurdling sphynx	0011011100001010100011011001010000111111101010011111110110000110
634	79	11	12	Get Global Regulator	a = global regulator value	4	1	1						0	total corncrake	1100111101100100100001000101100111000100001011111011100100100001
635	80	0	1	Global Anchor	register a global jump-to destination, maybe terminate	2	5	2							awful skink	1101010011110111011101001101110110101111011110000101110110101101
636	81	0	1	Global Anchor	register a global jump-to destination, maybe terminate	4	7	2							shrilling chital	1101010000101100011000000001010101111010100111100110000001001011
637	82	0	3	Global Anchor	register a global jump-to destination, maybe terminate	2	5	2							menacing mushroom	1101010011110110011111001101111110101111011101010001110110101101
638	82	1	3	Decay Local Regulator	decay local regulator value by register a	3	6	3							plush lobster	0111010110110000010000011100101001000011011100100001101100111100
639	82	2	3	Adjust Global Regulator	adjust global regulator value by a	6	1	4						0	dim hyrax	0101000000011100101111111101111101000010101000100001000010010011
640	83	0	2	Global Anchor	register a global jump-to destination, maybe terminate	6	6	2							forgetful kaffir	0011100100101000100011101010100011001111110001000101101110011110
641	83	1	2	Read Own State	a = state	7	2	6			IsNewborn	0	IsNewborn[0]			
642	84	0	8	Global Anchor	register a global jump-to destination, maybe terminate	5	3	7							buttery peafowl	0110001111000010001110110111101110100111001010110111010011000110
643	84	1	8	Read Neighbor State	a = state	0	3	5			HeirRequest	0	HeirRequest[0]			
644	84	2	8	Greater Than	a = ( b > c )	1	4	6								
645	84	3	8	Send Inter-Cell Message	if a, send message to neighbor cell	0	1	0							knowing mushroom	1100110000101000110000010110000000010000000001010001010110111100
646	84	4	8	Bitwise Or	a = b \textbar{} c	4	5	1								
647	84	5	8	Local Anchor	register a local jump-to destination	1	3	5							ashy tangle	1000110000001000100010110100010111010100011000100011000100111111
648	84	6	8	Less Than	a = ( b < c )	6	1	3								
649	84	7	8	Write Own State	if b, state = a	1	1	0			RepLevRequest	1	RepLevRequest[1]			
650	85	0	3	Global Anchor	register a global jump-to destination, maybe terminate	4	6	4							dim peccary	1101111110000011100010111110111010010100110101010110111101011100
651	85	1	3	Terminal	a = value	6	6	7	-0.0702862							
652	85	2	3	Terminal	a = value	0	4	5	-0.028735							
653	86	0	2	Global Anchor	register a global jump-to destination, maybe terminate	3	6	7							youthful nutcracker	0100111100100000001001111011011011010101001111010110100011011101
654	86	1	2	Add To Own State	state += a	3	4	5			TransientNopState	3	TransientNopState[3]			
655	87	0	5	Global Anchor	register a global jump-to destination, maybe terminate	5	0	6							troubled coati	1011000110001101011001001101101001100100000100111011111101100010
656	87	1	5	Add To Own State	state += a	0	4	6			NopState	0	NopState[0]			
657	87	2	5	Read Neighbor State	a = state	5	5	1			NopState	2	NopState[2]			
658	87	3	5	Terminal	a = value	3	0	1	0.722374							
659	87	4	5	Bitwise Not	a = \textasciitilde{}b	3	0	1								
660	88	0	4	Global Anchor	register a global jump-to destination, maybe terminate	5	5	0							whirlwind mouse	1110001000010010101000010011001010101010111101111100100001010001
661	88	1	4	Less Than	a = ( b < c )	6	6	7								
662	88	2	4	Less Than	a = ( b < c )	3	4	2								
663	88	3	4	Not Equal	a = (b != c)	6	6	3								
664	89	0	12	Global Anchor	register a global jump-to destination, maybe terminate	0	0	6							upset nudibranch	0110111101011001110000101010101011111111100001011111000100010110
665	89	1	12	Count Ones	a = popcnt( b )	1	4	2								
666	89	2	12	Terminate If	if a, terminate core	5	2	6								
667	89	3	12	Write Own State	if b, state = a	5	2	7			TransientNopState	2	TransientNopState[2]			
668	89	4	12	Multiply	a = b * c	1	1	3								
669	89	5	12	Generate Random Bool	if p, a = 1; else a = 0	7	1	0		0.961732						
670	89	6	12	Read Own State	a = state	0	6	6			IsParentGroupOf	1	IsParentGroupOf[1]			
671	89	7	12	Local Anchor	register a local jump-to destination	6	6	0							digital osprey	1011011111010001110110111101010000001110011001110100100111111011
672	89	8	12	Add To Own State	state += a	2	2	6			TransientNopState	2	TransientNopState[2]			
673	89	9	12	Multiply Own State	state *= a	1	6	5			SpawnArrest	0	SpawnArrest[0]			
674	89	10	12	Get Local Regulator	a = local regulator value	6	5	3							shocking slug	0100001001101101111110000010011110011011000011101000011010010001
675	89	11	12	Local Anchor	register a local jump-to destination	2	0	5							eerie tinamou	1111011010101011100100000111101110111000010000010001001101111100
676	90	0	16	Global Anchor	register a global jump-to destination, maybe terminate	0	7	2							acclaimed mayfly	1100010101000110011011101100100000101111111110110100101111110001
677	90	1	16	Draw Random Value	a = weighted draw from random number generator	7	4	7								
678	90	2	16	Generate Random Bool	if p, a = 1; else a = 0	0	4	5		0.23289						
679	90	3	16	Get Global Regulator	a = global regulator value	4	4	5						0	unnatural barnacle	0011111110101101101011100110000111110100111100000000010101010001
680	90	4	16	Negate	a = -a	0	7	2								
681	90	5	16	Local Jump If Not	if !a, goto tag match local anchor	3	0	1							lone robin	1101011010110011101101000000101101001010101000011000111101011011
682	90	6	16	Not	a = !a	6	6	6								
683	90	7	16	Get Local Regulator	a = local regulator value	0	6	7							brawny rock	0011101110101101100000101110010111100110101100110010000101110000
684	90	8	16	Negate	a = -a	0	7	2								
685	90	9	16	Local Jump If Not	if !a, goto tag match local anchor	3	0	1							synonymous loerie	1101011010110111101101000000101101001010101001011000111101011011
686	90	10	16	Draw Random Value	a = weighted draw from random number generator	2	6	6								
687	90	11	16	Local Anchor	register a local jump-to destination	3	5	1							broad lorikeet	1011001010011101100000111111000100000110010010010011100011010111
688	90	12	16	Terminal	a = value	1	1	4	27.1161							
689	90	13	16	Nop-0	perform no operation	5	6	2								
690	90	14	16	Terminal	a = value	1	3	3	-1.13946							
691	90	15	16	Read Neighbor State	a = state	5	1	2			TransientNopState	2	TransientNopState[2]			
692	91	0	30	Global Anchor	register a global jump-to destination, maybe terminate	4	5	2							original siskin	1111110110000001101101010010001000000101000001100101110101101010
693	91	1	30	Terminal	a = value	4	5	7	-4.38582							
694	91	2	30	Terminal	a = value	5	0	2	6.11917							
695	91	3	30	Read Own State	a = state	5	6	3			KinGroupWillExpire	1	KinGroupWillExpire[1]			
696	91	4	30	Local Anchor	register a local jump-to destination	4	4	3							polished puma	1011011001011111001011001010000110100000001101000101011111101000
697	91	5	30	Terminal	a = value	3	1	5	67.2374							
698	91	6	30	Send Intra-Cell Message	if a, send message another cardinal within cell	0	0	3							obese kudu	0011110010011000000011111111001110101000100111101100111000111110
699	91	7	30	Terminal	a = value	4	4	2	19.6949							
700	91	8	30	Terminal	a = value	6	1	3	-0.495556							
701	91	9	30	Draw Random Value	a = weighted draw from random number generator	2	6	6								
702	91	10	30	Terminal	a = value	0	6	7	-0.924392							
703	91	11	30	Less Than	a = ( b < c )	2	0	5								
704	91	12	30	Local Jump If	if a, goto tag match local anchor	7	6	2							weepy fox	1101001001010001001010000001001001010101011000001010010001001111
705	91	13	30	Local Jump If Not	if !a, goto tag match local anchor	3	0	1							bewitched snapper	1101011010010111101101000000001101000010101001011100111101011010
706	91	14	30	Generate Random Bool	if p, a = 1; else a = 0	7	3	7		0.696321						
707	91	15	30	Local Anchor	register a local jump-to destination	4	4	6							aching flatworm	1110111000010001101110111110111110111011101010110010101101000100
708	91	16	30	Terminal	a = value	6	5	2	-0.0810032							
709	91	17	30	Nop-0	perform no operation	5	6	2								
710	91	18	30	Less Than	a = ( b < c )	0	0	5								
711	91	19	30	Local Jump If	if a, goto tag match local anchor	7	6	2							vacuous chital	1101001001010001001010000001001001010101011000000010010001001111
712	91	20	30	Logical Or	a = b \textbar{}\textbar{} c	3	5	2								
713	91	21	30	Bitwise Xor	a = b \textasciicircum{} c	7	3	1								
714	91	22	30	Equal	a = ( b == c )	3	1	6								
715	91	23	30	RandomFill	fill a with uniformly-distributed random bits	0	1	6								
716	91	24	30	Nop-2	perform no operation	5	4	0								
717	91	25	30	Local Anchor	register a local jump-to destination	6	5	1							faith axolotl	1011111001110111101111100110000100101011111010011111011001101001
718	91	26	30	Terminal	a = value	6	5	1	8.62912							
719	91	27	30	Send Intra-Cell Message	if a, send message another cardinal within cell	5	2	7							fluttering poodle	0110011100011011010100101110110010100000001111111111011000011011
720	91	28	30	Terminal	a = value	3	1	2	291358							
721	91	29	30	Local Anchor	register a local jump-to destination	6	5	1							overt magellanic	1011111001010101001110000110011110101111111010010111011000000001
722	92	0	9	Global Anchor	register a global jump-to destination, maybe terminate	5	5	4							successful bittern	0000011000111000101111110111100100011000010001111011011101110110
723	92	1	9	Bitwise Not	a = \textasciitilde{}b	1	5	5								
724	92	2	9	Global Jump If	if a, goto tag match global anchor; if b, clear registers	0	5	7							cute shrew	1011001111011001001001001000000101011011011001100101100101010001
725	92	3	9	Terminal	a = value	6	6	4	-24.9342							
726	92	4	9	Generate Random Bool	if p, a = 1; else a = 0	7	4	2		0.0640811						
727	92	5	9	Subtract	a = b - c	4	2	5								
728	92	6	9	Decay Secondary Global Regulator	decay global regulator value by register a	2	2	4						1	descriptive hyrax	1001010010000011101110001110001000100101101110101111100111001010
729	92	7	9	Logical Or	a = b \textbar{}\textbar{} c	2	1	7								
730	92	8	9	Nop-1	perform no operation	0	2	6								
731	93	0	16	Global Anchor	register a global jump-to destination, maybe terminate	4	3	0							chewable carp	1011111101000110000111100001000011010100011101001001110111111110
732	93	1	16	Read Own State	a = state	3	4	5			IsAlive	0	IsAlive[0]			
733	93	2	16	Local Anchor	register a local jump-to destination	6	5	2							makeshift dingo	0110110101111100010000011011001110100011011011010100001110101111
734	93	3	16	Global Jump If Not	if !a, goto global anchor; if !b, clear registers	4	2	7							tiresome macaw	0111011011101001010110001000100111011010111011010111101101000100
735	93	4	16	Read Own State	a = state	1	3	0			NeighborFragmented	0	NeighborFragmented[0]			
736	93	5	16	Broadcast Intra-Cell Message	if a, send message to all other cardinals within cell	1	6	5							open curlew	1010011100101100100100110101110000101001011010000001110011101011
737	93	6	16	Get Global Regulator	a = global regulator value	7	4	3						0	unimportant weaver	0101010001100111100111110010101010011101111001011100001110100110
738	93	7	16	Read Neighbor State	a = state	4	2	2			KinGroupIDAncestorView	0	KinGroupIDAncestorView[0]			
739	93	8	16	Read Own State	a = state	0	3	4			ReceivedResourceFrom	0	ReceivedResourceFrom[0]			
740	93	9	16	Count Ones	a = popcnt( b )	3	0	2								
741	93	10	16	Read Own State	a = state	1	3	0			MostRecentCauseOfDeath	0	MostRecentCauseOfDeath[0]			
742	93	11	16	Local Anchor	register a local jump-to destination	3	6	6							unfit camels	0000001110010100001100101000101001011011100110100101110000001100
743	93	12	16	Decay Local Regulator	decay local regulator value by register a	7	2	3							verifiable addax	1010001111011010110101101011111111000110110001010011110011000010
744	93	13	16	Multiply Own State	state *= a	0	4	6			NopState	1	NopState[1]			
745	93	14	16	Logical And	a = b \&\& c	5	5	2								
746	93	15	16	Send Inter-Cell Message	if a, send message to neighbor cell	7	0	7							unfit borer	0111100111111110010110110000100000011110101011100011011101000101
747	94	0	56	Global Anchor	register a global jump-to destination, maybe terminate	3	4	2							bored elephant	0110010111100111101101011000101110010011000111101110000101001000
748	94	1	56	Send Intra-Cell Message	if a, send message another cardinal within cell	3	0	0							microscopic pollan	0001000000000101110110101001110101100000000011111001110001100111
749	94	2	56	Write Own State	if b, state = a	6	4	4			ApoptosisRequest	0	ApoptosisRequest[0]			
750	94	3	56	Multiply Own State	state *= a	5	6	6			RepLevRequest	1	RepLevRequest[1]			
751	94	4	56	Terminal	a = value	4	6	1	-13.4992							
752	94	5	56	Modulo	a = b \% c	7	2	1								
753	94	6	56	Read Neighbor State	a = state	5	4	0			KinGroupWillExpire	1	KinGroupWillExpire[1]			
754	94	7	56	Terminal	a = value	6	1	4	-0.0529842							
755	94	8	56	Read Neighbor State	a = state	5	4	0			SpawnArrest	0	SpawnArrest[0]			
756	94	9	56	Negate	a = -a	4	1	5								
757	94	10	56	Terminal	a = value	4	6	1	-1.28429							
758	94	11	56	Read Neighbor State	a = state	5	4	0			SpawnArrest	0	SpawnArrest[0]			
759	94	12	56	Negate	a = -a	4	1	5								
760	94	13	56	Terminal	a = value	4	6	1	-1.28429							
761	94	14	56	Modulo	a = b \% c	7	2	1								
762	94	15	56	Modulo	a = b \% c	7	2	1								
763	94	16	56	Send Intra-Cell Message	if a, send message another cardinal within cell	5	4	0							calm phalarope	0101000010101111000010010001100100111010100101110110000101100000
764	94	17	56	Local Anchor	register a local jump-to destination	5	0	5							rambunctious humpback	1011100101011111111111110110000010011010111110000111001101110111
765	94	18	56	Write Own State	if b, state = a	0	5	5			SpawnArrest	0	SpawnArrest[0]			
766	94	19	56	Local Anchor	register a local jump-to destination	1	5	2							cold crow	0100110111001101011101000100110110010001100101110001110101101010
767	94	20	56	Terminal	a = value	6	1	4	-0.0540199							
768	94	21	56	Read Neighbor State	a = state	5	4	0			RicherThanNeighbor	0	RicherThanNeighbor[0]			
769	94	22	56	Negate	a = -a	5	1	5								
770	94	23	56	Greater Than	a = ( b > c )	0	2	2								
771	94	24	56	Set Local Regulator	set local regulator value to a	4	3	4							aggravating gastrotrich	0101111000111110010111110011100101100101000011101101101000010010
772	94	25	56	Decay Local Regulator	decay local regulator value by register a	7	6	3							nautical seals	1010000111011000110101101011111111000010110101010011110011000010
773	94	26	56	Write Own State	if b, state = a	7	6	5			RepLevRequest	0	RepLevRequest[0]			
774	94	27	56	Increment	a = a + 1	0	6	7								
775	94	28	56	Logical And	a = b \&\& c	7	4	1								
776	94	29	56	Terminal	a = value	6	1	4	0.949885							
777	94	30	56	Local Anchor	register a local jump-to destination	5	3	4							tan seahorse	0110111000001000011011000001111111110000010001110010110111111010
778	94	31	56	Terminal	a = value	4	3	6	-1.41653							
779	94	32	56	Terminal	a = value	0	4	2	197.593							
780	94	33	56	Nop-2	perform no operation	7	5	7								
781	94	34	56	Adjust Secondary Global Regulator	adjust global regulator value by a	5	5	6						1	woozy spider	1100100100000010110001101101100100101110111010110001111000101101
782	94	35	56	Local Anchor	register a local jump-to destination	1	1	0							uninterested mosquito	1100100101010011101001110111011000110011101000001101011011010001
783	94	36	56	Terminal	a = value	0	4	2	197.593							
784	94	37	56	Nop-0	perform no operation	7	5	7								
785	94	38	56	Adjust Secondary Global Regulator	adjust global regulator value by a	5	5	6						1	woozy spider	1100100100000010110001101101100100101110111010110001111000101101
786	94	39	56	Local Anchor	register a local jump-to destination	1	1	0							uninterested mosquito	1100100101010011101001110111011000110011101000001101011011010001
787	94	40	56	Local Jump If Not	if !a, goto tag match local anchor	6	2	4							old batfish	0000000011001111111100100111111111000010001111110011001101110000
788	94	41	56	Generate Random Bool	if p, a = 1; else a = 0	4	2	5		0.783524						
789	94	42	56	Send Intra-Cell Message	if a, send message another cardinal within cell	5	0	0							morose balanus	1101000110101111010010010001000100101001100100110010000001100100
790	94	43	56	Less Than	a = ( b < c )	2	2	2								
791	94	44	56	Terminal	a = value	4	2	5	-0.746062							
792	94	45	56	Adjust Local Regulator	adjust local regulator value by a	1	1	3							comatose dobermann	0100100100011010001011111110101010011011000100100001100101011001
793	94	46	56	Logical Or	a = b \textbar{}\textbar{} c	5	0	5								
794	94	47	56	Get Secondary Global Regulator	a = global regulator value	5	3	2						1	whining monitor	0011011010110110101011110100100111000001000101110111000011000000
795	94	48	56	Logical Or	a = b \textbar{}\textbar{} c	5	0	5								
796	94	49	56	Get Secondary Global Regulator	a = global regulator value	5	3	2						1	demanding ibis	0011001011110110101011110100100111000001000101110111000011000000
797	94	50	56	Generate Random Bool	if p, a = 1; else a = 0	4	2	5		0.760026						
798	94	51	56	Get Secondary Global Regulator	a = global regulator value	5	3	2						1	striped wolf	0011001010110110101011110100100111000001000101110111100011010000
799	94	52	56	Logical Or	a = b \textbar{}\textbar{} c	5	0	5								
800	94	53	56	Get Secondary Global Regulator	a = global regulator value	5	3	2						1	strange tamandua	0011001010110110101011110100100111000001000101110111000011000000
801	94	54	56	Generate Random Bool	if p, a = 1; else a = 0	4	2	5		0.752213						
802	94	55	56	Send Intra-Cell Message	if a, send message another cardinal within cell	5	0	0							greedy fairy	1101000011101101010010010001000100101001100100110011000001100100
803	95	0	4	Global Anchor	register a global jump-to destination, maybe terminate	2	2	2							disgusted blobfish	0110000111111100010101001101010101000011000000111000001001000000
804	95	1	4	Terminal	a = value	4	2	5	0.253938							
805	95	2	4	Adjust Local Regulator	adjust local regulator value by a	1	1	3							speedy hawk	0100100100011010001011111110101010011011100100100001100101011001
806	95	3	4	Get Secondary Global Regulator	a = global regulator value	5	3	2						1	shapely stilt	0011011010110110101011110100000111000001000111110111000011000000
807	96	0	21	Global Anchor	register a global jump-to destination, maybe terminate	1	6	5							spotless solenodon	0100010101111100001101011000100111011110111101100100011101100111
808	96	1	21	Read Own State	a = state	0	7	6			NeighborKinGroupWillExpire	1	NeighborKinGroupWillExpire[1]			
809	96	2	21	Modulo	a = b \% c	7	1	3								
810	96	3	21	Global Jump If Not	if !a, goto global anchor; if !b, clear registers	5	7	5							petulant panda	1010110000110011000011100010010111100111000011110001100100011010
811	96	4	21	Negate	a = -a	7	7	0								
812	96	5	21	Bitwise Xor	a = b \textasciicircum{} c	5	0	3								
813	96	6	21	Divide	a = b / c	5	7	2								
814	96	7	21	Global Jump If	if a, goto tag match global anchor; if b, clear registers	1	6	7							groggy roach	0101010001001110110101100010111000100000101000100100000001110010
815	96	8	21	Local Jump If	if a, goto tag match local anchor	2	2	3							eatable ant	0110000110111000010100000100110101000111000000111000001001010010
816	96	9	21	Terminal	a = value	4	2	5	0.750031							
817	96	10	21	Adjust Global Regulator	adjust global regulator value by a	4	7	6						0	useless mushroom	1100101010011101001100000001100110100100100100110011101001100101
818	96	11	21	Terminal	a = value	0	0	6	-0.622412							
819	96	12	21	Read Own State	a = state	1	6	3			OptimumQuorumExceeded	1	OptimumQuorumExceeded[1]			
820	96	13	21	Terminal	a = value	2	0	3	-0.431705							
821	96	14	21	Read Own State	a = state	6	5	2			NumKnownQuorumBits	0	NumKnownQuorumBits[0]			
822	96	15	21	Local Anchor	register a local jump-to destination	4	3	3							involved wasps	1010001010101010001111111100001011011111110100001110010110101101
823	96	16	21	Logical And	a = b \&\& c	7	6	3								
824	96	17	21	Local Anchor	register a local jump-to destination	3	3	5							key weevil	0000001010000011001110010111101010101110010001010110001111011010
825	96	18	21	Divide	a = b / c	7	1	6								
826	96	19	21	Bitwise Or	a = b \textbar{} c	2	5	7								
827	96	20	21	Read Own State	a = state	1	5	2			KinGroupMatch	0	KinGroupMatch[0]			
828	97	0	68	Global Anchor	register a global jump-to destination, maybe terminate	7	1	0							opposite moose	0110101100001111111000001101011001110101010100101101110110101100
829	97	1	68	Terminal	a = value	5	0	1	0.377067							
830	97	2	68	Greater Than	a = ( b > c )	7	6	0								
831	97	3	68	RandomFill	fill a with uniformly-distributed random bits	3	1	2								
832	97	4	68	Terminal	a = value	5	5	7	-1175.87							
833	97	5	68	Read Own State	a = state	7	7	1			SpawnRequest	0	SpawnRequest[0]			
834	97	6	68	Bitwise And	a = b \& c	4	5	4								
835	97	7	68	Terminal	a = value	0	0	2	-0.34375							
836	97	8	68	Equal	a = ( b == c )	0	1	5								
837	97	9	68	Local Anchor	register a local jump-to destination	2	3	3							apathetic deer	1011110001101001010011100110110000000111011101111111001001011100
838	97	10	68	Local Jump If	if a, goto tag match local anchor	5	3	0							breathless slug	0101100110010101110011001111001110111101011010111001010100101100
839	97	11	68	Local Anchor	register a local jump-to destination	7	3	0							coordinated newt	0001001110101010100110000000000110011100101001111101001001000110
840	97	12	68	Greater Than	a = ( b > c )	5	7	6								
841	97	13	68	Local Anchor	register a local jump-to destination	7	4	6							outlying serval	1000010010001010101010111101000010101101001101110011100111101100
842	97	14	68	Add To Own State	state += a	1	1	4			ResourceSendRequest	0	ResourceSendRequest[0]			
843	97	15	68	Local Jump If	if a, goto tag match local anchor	5	2	0							gusty fly	0101100110010100110011001011001010111101111010111001010100101110
844	97	16	68	Write Own State	if b, state = a	3	0	3			SpawnArrest	0	SpawnArrest[0]			
845	97	17	68	Increment	a = a + 1	5	1	5								
846	97	18	68	Terminal	a = value	5	2	7	-0.604155							
847	97	19	68	Local Anchor	register a local jump-to destination	4	3	2							shivering eland	0011011111011100111111001101000000111101001101110001010010011001
848	97	20	68	Bitwise Xor	a = b \textasciicircum{} c	5	4	3								
849	97	21	68	Write Own State	if b, state = a	6	7	0			SpawnRequest	0	SpawnRequest[0]			
850	97	22	68	Adjust Global Regulator	adjust global regulator value by a	5	3	0						0	full rockhopper	0101001110101010100111001000000110011000101001111111001001000111
851	97	23	68	Multiply Own State	state *= a	5	7	6			TransientNopState	1	TransientNopState[1]			
852	97	24	68	Local Anchor	register a local jump-to destination	7	6	6							orderly sloth	0000010011011010101010111101010010111101011101110011100111101110
853	97	25	68	Add To Own State	state += a	1	1	4			SpawnRequest	0	SpawnRequest[0]			
854	97	26	68	Greater Than	a = ( b > c )	5	3	4								
855	97	27	68	Write Own State	if b, state = a	3	0	3			NopState	0	NopState[0]			
856	97	28	68	Decay Local Regulator	decay local regulator value by register a	5	1	5							agonizing rhea	0100101001110111100110111001000011101110110011011110011000011000
857	97	29	68	Adjust Global Regulator	adjust global regulator value by a	7	3	0						0	petty beaver	0101001110101010100111001000000110011001101001111111001001000110
858	97	30	68	Multiply Own State	state *= a	5	7	6			TransientNopState	3	TransientNopState[3]			
859	97	31	68	Fork If	if a, submit fork request (processed when core terminates)	1	7	7							hypnotic duck	1001100000001011100010100110101000001010010010100101001101101010
860	97	32	68	Local Anchor	register a local jump-to destination	0	6	1							bold pintail	1101011001110101011000110101111001111101010001100100110100100110
861	97	33	68	Global Jump If	if a, goto tag match global anchor; if b, clear registers	0	5	1							versatile poodle	1110101101010010111010010101000000111100100010010111101110001100
862	97	34	68	Terminal	a = value	5	1	3	2.90619							
863	97	35	68	Add To Own State	state += a	1	3	4			TransientNopState	1	TransientNopState[1]			
864	97	36	68	Greater Than	a = ( b > c )	5	3	6								
865	97	37	68	Bitwise Xor	a = b \textasciicircum{} c	7	6	4								
866	97	38	68	Add To Own State	state += a	3	1	5			NopState	0	NopState[0]			
867	97	39	68	Terminal	a = value	5	1	3	2.90619							
868	97	40	68	Add To Own State	state += a	3	1	5			NopState	0	NopState[0]			
869	97	41	68	Read Own State	a = state	6	2	4			NumKnownQuorumBits	0	NumKnownQuorumBits[0]			
870	97	42	68	Global Jump If	if a, goto tag match global anchor; if b, clear registers	0	4	1							obedient rottweiler	1110101101110010111000010101000000111100100010010110111110001100
871	97	43	68	Bitwise Xor	a = b \textasciicircum{} c	7	4	4								
872	97	44	68	Add To Own State	state += a	3	1	5			NopState	0	NopState[0]			
873	97	45	68	Read Own State	a = state	6	2	5			PhylogeneticRootMatch	0	PhylogeneticRootMatch[0]			
874	97	46	68	Global Jump If	if a, goto tag match global anchor; if b, clear registers	0	4	1							passionate spinner	1110101101110010111010010101000000111100100010010110111010001100
875	97	47	68	Terminal	a = value	5	1	3	2.90619							
876	97	48	68	Terminal	a = value	5	1	3	2.90619							
877	97	49	68	Read Own State	a = state	6	2	5			KinGroupIDAncestorView	1	KinGroupIDAncestorView[1]			
878	97	50	68	Global Jump If	if a, goto tag match global anchor; if b, clear registers	0	4	1							penitent beaver	1110101101110010111010100101000000111100100010010110111110001100
879	97	51	68	Terminal	a = value	5	1	3	2.90619							
880	97	52	68	Terminal	a = value	5	1	1	2.90619							
881	97	53	68	Read Own State	a = state	6	2	5			CellAge	0	CellAge[0]			
882	97	54	68	Global Jump If	if a, goto tag match global anchor; if b, clear registers	0	4	1							crabby cheetah	1110101101110010111010010101000010111100100010110110111110001100
883	97	55	68	Terminal	a = value	1	1	3	2.88203							
884	97	56	68	Terminal	a = value	5	1	3	2.90468							
885	97	57	68	Get Global Regulator	a = global regulator value	6	7	5						0	worse peccary	0001011000010101110011110111000100101110111101001100101011111010
886	97	58	68	Terminal	a = value	6	1	1	0.587469							
887	97	59	68	Send Intra-Cell Message	if a, send message another cardinal within cell	0	7	1							numerous willet	0010001011101011110001110011110101001101000001100011100000000010
888	97	60	68	Terminal	a = value	0	5	5	0.592154							
889	97	61	68	Decay Global Regulator	decay global regulator value by register a	2	3	5						0	earnest beetle	1010010110100000101111111010010000000101010000001010011110001101
890	97	62	68	Terminal	a = value	1	2	4	2.16337							
891	97	63	68	Read Own State	a = state	1	3	0			RicherThanNeighbor	0	RicherThanNeighbor[0]			
892	97	64	68	Set Local Regulator	set local regulator value to a	0	3	2							boisterous anemone	0100101000001001000011111101000010110011011011001111111100001100
893	97	65	68	Set Local Regulator	set local regulator value to a	4	2	4							aboriginal markhor	1110101001101101111110110001001011101100111011001110111111011000
894	97	66	68	Local Anchor	register a local jump-to destination	5	0	4							earthy roach	0101100101110110101101100010110011001100110111001011011000000011
895	97	67	68	Local Anchor	register a local jump-to destination	4	5	2							ragged rat	1100010111100110100101000001101000001100010101001000001001000110
896	98	0	1	Global Anchor	register a global jump-to destination, maybe terminate	2	0	6							nimble dragon	0111011010010010001001100000000101001010000111111011111111100100
897	99	0	7	Global Anchor	register a global jump-to destination, maybe terminate	5	6	2							starry chital	0010101011010100111100111011111111111110110101100110100010101011
898	99	1	7	Set Secondary Global Regulator	set global regulator value to a	5	0	4						1	flabby stoat	1110100001001101100111110001000011101100111011101110111111011001
899	99	2	7	Set Global Regulator	set global regulator value to a	3	6	2						0	offbeat person	0000001001010110111100101110111100001110111101100100000100101100
900	99	3	7	Increment	a = a + 1	5	0	4								
901	99	4	7	Set Secondary Global Regulator	set global regulator value to a	5	0	4						1	focused willet	1110101001001101100011110001000011101100111011101110111111001000
902	99	5	7	Set Global Regulator	set global regulator value to a	6	4	2						0	condescending slug	0010001001010110111100100111111100001110111101100100000100101111
903	99	6	7	Increment	a = a + 1	5	0	4								
904	100	0	1	Global Anchor	register a global jump-to destination, maybe terminate	0	4	3							tasteless trout	0000111100110010100010000010011010001110111001101100010011000001
905	101	0	12	Global Anchor	register a global jump-to destination, maybe terminate	3	1	0							material springbok	0000000100000001101110010100010110110100010010111111111110101100
906	101	1	12	Adjust Secondary Global Regulator	adjust global regulator value by a	5	4	7						1	evasive tegula	1000001001101100010011111001110011101110111010100101001110100001
907	101	2	12	Global Jump If	if a, goto tag match global anchor; if b, clear registers	0	7	3							jubilant pufferfish	0000001111010101100010111101101000111110001011111111110111010110
908	101	3	12	Nop-2	perform no operation	5	3	6								
909	101	4	12	Local Anchor	register a local jump-to destination	0	5	5							surly husky	1110010011001010101111101010110101010100111100101001010101100111
910	101	5	12	Write Own State	if b, state = a	3	4	6			NopState	2	NopState[2]			
911	101	6	12	Write Own State	if b, state = a	0	7	3			RepLevRequest	0	RepLevRequest[0]			
912	101	7	12	Local Anchor	register a local jump-to destination	3	1	1							diligent peccary	0001000111110101000111000110001100011011011100100010101011110101
913	101	8	12	Local Anchor	register a local jump-to destination	4	3	1							grimy nurse	0001010110110100000000011011110010110110001010001010010101001101
914	101	9	12	Less Than	a = ( b < c )	1	6	7								
915	101	10	12	Read Own State	a = state	3	1	2			NeighborKinGroupWillExpire	1	NeighborKinGroupWillExpire[1]			
916	101	11	12	Subtract	a = b - c	0	2	3								
917	102	0	5	Global Anchor	register a global jump-to destination, maybe terminate	1	7	5							efficient crab	0010111001010010100010010001001111001000101111011010011011100111
918	102	1	5	Set Secondary Global Regulator	set global regulator value to a	5	2	0						1	demanding wildebeest	1110001001101101100111110001000001101100111111001110111011011000
919	102	2	5	Terminal	a = value	7	0	4	1.84153							
920	102	3	5	Bitwise Shift	a = b << c	2	6	2								
921	102	4	5	Increment	a = a + 1	5	0	4								
922	103	0	3	Global Anchor	register a global jump-to destination, maybe terminate	0	4	3							cheerful prevost	0000011101110010100010000010011000101110111001101100010011000001
923	103	1	3	Bitwise Shift	a = b << c	6	6	2								
924	103	2	3	Increment	a = a + 1	5	0	4								
925	104	0	6	Global Anchor	register a global jump-to destination, maybe terminate	0	0	3							nine elephant	0001011101111010100010000010011000101110111100101000000001000001
926	104	1	6	Local Anchor	register a local jump-to destination	1	7	5							moist capybara	0110010001010011000010010000001101010100101111011011011111110111
927	104	2	6	Subtract	a = b - c	1	3	3								
928	104	3	6	Decay Secondary Global Regulator	decay global regulator value by register a	2	6	7						1	satisfied lion	0101101101011100111110110101111101111011001010110000011011110110
929	104	4	6	Terminate If	if a, terminate core	5	3	7								
930	104	5	6	Read Own State	a = state	6	2	5			Epoch	0	Epoch[0]			
931	105	0	3	Global Anchor	register a global jump-to destination, maybe terminate	2	6	4							gracious seal	0111000000100101111011100000101110011010100110000001011111011000
932	105	1	3	Local Anchor	register a local jump-to destination	3	2	4							remote squirrel	1011000000110101101110100110011011101001010101100011100010111010
933	105	2	3	Read Neighbor State	a = state	7	1	6			IsParentGroupOf	1	IsParentGroupOf[1]			
934	106	0	15	Global Anchor	register a global jump-to destination, maybe terminate	4	6	5							mistaken silkworm	1010011100011001110010100000000001010000011011011101100000110110
935	106	1	15	Decrement	a = a - 1	1	2	0								
936	106	2	15	Terminal	a = value	1	1	1	-0.951405							
937	106	3	15	Logical Or	a = b \textbar{}\textbar{} c	1	3	0								
938	106	4	15	Bitwise Xor	a = b \textasciicircum{} c	5	2	2								
939	106	5	15	Local Anchor	register a local jump-to destination	5	2	0							distinct zorilla	1000101011001010000111010011010111101100011011010101110001111111
940	106	6	15	Decay Secondary Global Regulator	decay global regulator value by register a	2	4	7						1	nutty jaguar	0011110101000110110100001101011110100110011101001000000001001101
941	106	7	15	Terminal	a = value	2	0	6	0.265235							
942	106	8	15	Terminal	a = value	2	2	7	-42.6459							
943	106	9	15	Terminal	a = value	2	5	5	1.87245							
944	106	10	15	Send Intra-Cell Message	if a, send message another cardinal within cell	3	5	1							instructive gentoo	0111011110100010110101000010001010010101110010100111100010010000
945	106	11	15	Local Anchor	register a local jump-to destination	1	2	0							threatening sphynx	1000101011000000010111010011010111100100011011010101110001111111
946	106	12	15	Greater Than	a = ( b > c )	3	3	5								
947	106	13	15	Local Anchor	register a local jump-to destination	2	0	6							handsomely piranha	0010000111100011001101110000000010000100111010010011101001000100
948	106	14	15	Terminal	a = value	2	5	5	1.87245							
949	107	0	8	Global Anchor	register a global jump-to destination, maybe terminate	3	5	1							frayed titi	0111010110100000110100000010001010010101110010100111110010010000
950	107	1	8	Local Anchor	register a local jump-to destination	1	2	0							threatening sphynx	1000101011000000010111010011010111100100011011010101110001111111
951	107	2	8	Not Equal	a = (b != c)	3	3	1								
952	107	3	8	Local Anchor	register a local jump-to destination	2	0	6							handsomely piranha	0010000111100011001101110000000010000100111010010011101001000100
953	107	4	8	Local Anchor	register a local jump-to destination	6	6	5							brief lechwe	0111011111001001011011011111000010001111011000101010100011111011
954	107	5	8	Generate Random Bool	if p, a = 1; else a = 0	7	3	2		0.429622						
955	107	6	8	Local Anchor	register a local jump-to destination	3	6	2							even camels	1000011101000001100000110101101111000110010110100001111010001001
956	107	7	8	Logical And	a = b \&\& c	2	0	2								
957	108	0	5	Global Anchor	register a global jump-to destination, maybe terminate	7	6	7							snoopy chihuahua	1001101001100010010101101110110110101100010100100100111010100100
958	108	1	5	RandomFill	fill a with uniformly-distributed random bits	5	4	6								
959	108	2	5	Nop-2	perform no operation	5	4	2								
960	108	3	5	Logical And	a = b \&\& c	4	1	6								
961	108	4	5	Terminal	a = value	0	3	7	0.428078							
962	109	0	4	Global Anchor	register a global jump-to destination, maybe terminate	1	0	3							childish flatworm	0111101010100010111111111001100000000001001111101110111111100101
963	109	1	4	Read Own State	a = state	0	4	2			NeighborKinGroupWillExpire	0	NeighborKinGroupWillExpire[0]			
964	109	2	4	Multiply Own State	state *= a	6	0	7			TransientNopState	2	TransientNopState[2]			
965	109	3	4	Write Own State	if b, state = a	5	1	0			NopState	0	NopState[0]			
966	110	0	3	Global Anchor	register a global jump-to destination, maybe terminate	6	1	3							stocky bloodhound	0001100011110000100101000101011011010101100010110111111011100000
967	110	1	3	Add To Own State	state += a	4	2	1			SpawnRequest	0	SpawnRequest[0]			
968	110	2	3	Send Inter-Cell Message	if a, send message to neighbor cell	5	1	4							abhorrent sparrow	0010010001000000000000001110110101001000111100111010110011111110
969	111	0	2	Global Anchor	register a global jump-to destination, maybe terminate	6	1	3							thundering pinscher	0101100011110000100101000101011011010100100010110111011011110000
970	111	1	2	Local Jump If	if a, goto tag match local anchor	5	7	6							negligible aardvark	1111101010101010101110011101001011100111000100100101110010110000
971	112	0	2	Global Anchor	register a global jump-to destination, maybe terminate	0	1	7							placid pintail	0100011011101110001111000001101111011011010010010111110101011000
972	112	1	2	Get Global Regulator	a = global regulator value	1	0	3						0	flat guanaco	0001111101000001000101010001111101001000100000000100111000011111
973	113	0	3	Global Anchor	register a global jump-to destination, maybe terminate	7	5	0							present housefly	1000101001100010100110011001011011100111000000100101101010110000
974	113	1	3	Get Local Regulator	a = local regulator value	3	7	6							distracted alpaca	1011111100111010000011001111011100001011010111100010010000010001
975	113	2	3	Get Global Regulator	a = global regulator value	1	0	3						0	flamboyant gharial	0001111101000001000101010001111101001000100000000100101000011111
976	114	0	31	Global Anchor	register a global jump-to destination, maybe terminate	7	5	0							inexperienced shelduck	1000101001100010100110011001011010100111000000100101101010110000
977	114	1	31	Get Local Regulator	a = local regulator value	7	7	6							distracted fly	1011111100111010000011001111011100001011010111100010010010011001
978	114	2	31	Local Anchor	register a local jump-to destination	6	3	4							practical badger	1000011011001001100110010101111000111001000100100101010001001101
979	114	3	31	Get Local Regulator	a = local regulator value	4	2	4							bigheaded sphynx	0110001001100011111100101000111011111110101111110011111100100010
980	114	4	31	Local Anchor	register a local jump-to destination	6	3	6							natural ringtail	1100010011001001100111110101011010111001000100000101010011101101
981	114	5	31	Add To Own State	state += a	1	2	5			TransientNopState	1	TransientNopState[1]			
982	114	6	31	Terminal	a = value	7	2	5	-2.08977							
983	114	7	31	Terminal	a = value	4	2	2	-383.982							
984	114	8	31	Local Anchor	register a local jump-to destination	7	1	4							unsuitable kinkajou	1011010100010011111101111000001010111001010001011101001001010101
985	114	9	31	Local Anchor	register a local jump-to destination	2	6	3							intentional roborovski	0010101001010110001110111011101100110110110011011101001111000111
986	114	10	31	Terminal	a = value	4	3	2	-385.01							
987	114	11	31	Bitwise Shift	a = b << c	7	1	4								
988	114	12	31	Local Anchor	register a local jump-to destination	5	5	6							parallel marten	1001101001101010101110011101011010100111010100100101110010110000
989	114	13	31	Bitwise And	a = b \& c	3	7	6								
990	114	14	31	Send Intra-Cell Message	if a, send message another cardinal within cell	1	0	4							minty moa	1011001001110110101100001011101011101101101110100110010101001010
991	114	15	31	Terminal	a = value	2	2	4	3.47062							
992	114	16	31	Local Anchor	register a local jump-to destination	5	3	6							yawning tamarin	1000110010111101110011101010011110011011011000010011010011100000
993	114	17	31	Read Own State	a = state	3	7	1			NeighborFragmented	0	NeighborFragmented[0]			
994	114	18	31	Nop-2	perform no operation	1	0	6								
995	114	19	31	Terminal	a = value	1	7	6	-0.348885							
996	114	20	31	Bitwise Not	a = \textasciitilde{}b	1	2	6								
997	114	21	31	Read Own State	a = state	3	7	1			NeighborFragmented	0	NeighborFragmented[0]			
998	114	22	31	Nop-2	perform no operation	1	0	6								
999	114	23	31	Terminal	a = value	1	7	6	-0.348885							
1000	114	24	31	Bitwise Not	a = \textasciitilde{}b	1	2	6								
1001	114	25	31	Read Own State	a = state	4	5	5			KinGroupMatch	1	KinGroupMatch[1]			
1002	114	26	31	Multiply Own State	state *= a	5	0	4			ResourceReceiveResistance	0	ResourceReceiveResistance[0]			
1003	114	27	31	Read Own State	a = state	3	7	1			KinGroupIDView	0	KinGroupIDView[0]			
1004	114	28	31	Nop-2	perform no operation	5	0	6								
1005	114	29	31	Nop-2	perform no operation	1	0	6								
1006	114	30	31	Add To Own State	state += a	1	7	6			ResourceSendLimit	0	ResourceSendLimit[0]			
1007	115	0	2	Global Anchor	register a global jump-to destination, maybe terminate	0	1	2							violent weaver	0100110010110110001010101001000100110100110011001010101000001000
1008	115	1	2	Bitwise Xor	a = b \textasciicircum{} c	0	6	0								
1009	116	0	20	Global Anchor	register a global jump-to destination, maybe terminate	4	1	6							assertive trout	0100110000110110011000101101000100110100100011000011101010001000
1010	116	1	20	Bitwise And	a = b \& c	6	4	3								
1011	116	2	20	Read Neighbor State	a = state	1	6	2			IsParentCellOf	0	IsParentCellOf[0]			
1012	116	3	20	Global Jump If Not	if !a, goto global anchor; if !b, clear registers	2	5	3							lethal panda	0000000011000111101011110011000101001110101010011000110110010101
1013	116	4	20	Write Own State	if b, state = a	5	2	4			TransientNopState	0	TransientNopState[0]			
1014	116	5	20	Read Own State	a = state	3	6	6			NopState	3	NopState[3]			
1015	116	6	20	Generate Random Bool	if p, a = 1; else a = 0	3	2	5		0.924834						
1016	116	7	20	Increment	a = a + 1	3	2	5								
1017	116	8	20	Local Anchor	register a local jump-to destination	7	7	1							sleepy dog	0000111001010010101000100101100001101111001000001101100110001100
1018	116	9	20	Multiply	a = b * c	6	5	1								
1019	116	10	20	Set Secondary Global Regulator	set global regulator value to a	4	3	3						1	typical kingfisher	1110110111010111011011011101001110111110110010111101010111000101
1020	116	11	20	Draw Random Value	a = weighted draw from random number generator	4	3	3								
1021	116	12	20	Adjust Local Regulator	adjust local regulator value by a	2	5	7							real fennec	0000000010001110110110100100100001000101010000001010010001010011
1022	116	13	20	Local Anchor	register a local jump-to destination	7	3	1							gruesome grouse	1110110011100110100100101101110011100100111001110001111010011101
1023	116	14	20	Draw Random Value	a = weighted draw from random number generator	4	3	1								
1024	116	15	20	Local Anchor	register a local jump-to destination	3	4	6							dreadful beagle	0000000110101110001000001110100110001100000000000101001111010110
1025	116	16	20	Terminal	a = value	3	6	5	1.31542							
1026	116	17	20	Count Ones	a = popcnt( b )	3	1	7								
1027	116	18	20	Read Own State	a = state	4	2	3			StockpileDepleted	0	StockpileDepleted[0]			
1028	116	19	20	Read Own State	a = state	1	6	4			IsParentCellOf	0	IsParentCellOf[0]			
1029	117	0	6	Global Anchor	register a global jump-to destination, maybe terminate	3	4	2							lithe anteater	0000000100101110001000001110100110011100000001000101001111010110
1030	117	1	6	Write Own State	if b, state = a	3	6	7			ResourceReserveRequest	0	ResourceReserveRequest[0]			
1031	117	2	6	Count Ones	a = popcnt( b )	3	5	7								
1032	117	3	6	Generate Random Bool	if p, a = 1; else a = 0	5	6	7		0.829482						
1033	117	4	6	Read Own State	a = state	4	2	3			StockpileDepleted	0	StockpileDepleted[0]			
1034	117	5	6	Read Own State	a = state	0	6	4			IsParentCellOf	0	IsParentCellOf[0]			
1035	118	0	10	Global Anchor	register a global jump-to destination, maybe terminate	3	4	2							exclusive caracal	0000000110101110001000001110100110011100000001000101001111010110
1036	118	1	10	Write Own State	if b, state = a	3	6	7			ResourceReserveRequest	0	ResourceReserveRequest[0]			
1037	118	2	10	Count Ones	a = popcnt( b )	3	5	7								
1038	118	3	10	Generate Random Bool	if p, a = 1; else a = 0	5	6	7		0.829482						
1039	118	4	10	Terminal	a = value	0	2	4	2.96227							
1040	118	5	10	Read Neighbor State	a = state	3	6	5			PhylogeneticRootMatch	0	PhylogeneticRootMatch[0]			
1041	118	6	10	Bitwise Xor	a = b \textasciicircum{} c	3	5	7								
1042	118	7	10	Not	a = !a	5	6	7								
1043	118	8	10	Terminal	a = value	0	2	4	2.96227							
1044	118	9	10	Decay Global Regulator	decay global regulator value by register a	6	4	3						0	worrisome langur	1000011010011100100001100110101000010110111110011110111010110001
1045	119	0	55	Global Anchor	register a global jump-to destination, maybe terminate	0	0	5							steel fennec	1011001101100110001110101000101011011011010101110001110001011010
1046	119	1	55	Send Inter-Cell Message	if a, send message to neighbor cell	7	6	0							overcome snare	0111100110000001001011000000111100100111011011000011001101101001
1047	119	2	55	Terminal	a = value	0	2	2	0.0234738							
1048	119	3	55	Send Intra-Cell Message	if a, send message another cardinal within cell	4	2	7							scared jackal	0001101110010000001011101010110010010000001100010110000000000101
1049	119	4	55	Terminal	a = value	2	6	4	-5892.24							
1050	119	5	55	Bitwise Shift	a = b << c	0	7	3								
1051	119	6	55	Decay Local Regulator	decay local regulator value by register a	5	7	6							eerie gharial	1011111011101111001011010001010000101011010001111110000010111100
1052	119	7	55	Terminal	a = value	7	5	4	1.99918							
1053	119	8	55	Terminal	a = value	6	2	0	-0.0674628							
1054	119	9	55	Adjust Global Regulator	adjust global regulator value by a	0	4	3						0	demanding pomeranian	0101101111101010100011011110010001100000001001101111100110010101
1055	119	10	55	Terminal	a = value	5	2	1	6.17348							
1056	119	11	55	Local Anchor	register a local jump-to destination	3	7	6							historical whale	0100100010001001000111101110110100110011001001011101001011110010
1057	119	12	55	Terminal	a = value	7	5	4	39.5265							
1058	119	13	55	Multiply Own State	state *= a	3	3	4			TransientNopState	2	TransientNopState[2]			
1059	119	14	55	Send Intra-Cell Message	if a, send message another cardinal within cell	1	1	4							worried vole	1111111111111010110010100000100110111000100010000101001110000000
1060	119	15	55	Send Intra-Cell Message	if a, send message another cardinal within cell	2	1	6							carefree goldfish	0101001110110000011111110001000001100100000111110011011110111100
1061	119	16	55	Adjust Global Regulator	adjust global regulator value by a	0	7	5						0	curved human	1101000001110000110001111011001100011101001000010010001011111100
1062	119	17	55	Local Anchor	register a local jump-to destination	6	1	6							authorized earthworm	0100100010111010111111110001100101001000000111110011000110100100
1063	119	18	55	Send Intra-Cell Message	if a, send message another cardinal within cell	1	1	4							exclusive greyhound	1111111111111010110010100000000110111000100010000001001110000001
1064	119	19	55	Send Intra-Cell Message	if a, send message another cardinal within cell	6	1	6							easygoing louse	0101001110110010011111110001001011100100000111110011011110011100
1065	119	20	55	Local Anchor	register a local jump-to destination	0	0	6							neglected wolf	0111001110011011010011100000001101011001010000101000010111000101
1066	119	21	55	Bitwise Xor	a = b \textasciicircum{} c	2	2	0								
1067	119	22	55	Less Than	a = ( b < c )	0	4	4								
1068	119	23	55	Send Intra-Cell Message	if a, send message another cardinal within cell	6	1	6							key ant	0101001010111010111111010101100001100100000111110011011110111100
1069	119	24	55	Set Global Regulator	set global regulator value to a	6	1	7						0	rotten jellyfish	0011010001100011101101000101101110110100110101110011001011110001
1070	119	25	55	Adjust Local Regulator	adjust local regulator value by a	5	1	1							gaseous rockhopper	0100001001111110100010100011111111110001110000101111111111011010
1071	119	26	55	Decay Local Regulator	decay local regulator value by register a	2	1	0							icy blobfish	0011011101000101110110101010101100100111101001011001010000100110
1072	119	27	55	Send Inter-Cell Message	if a, send message to neighbor cell	5	0	5							sparkling lynx	1110001011010110000110100011000000001111011001101000010010000010
1073	119	28	55	Get Local Regulator	a = local regulator value	7	5	7							draconian lorikeet	0001100000011000110100101000011111010100110000001011110100010110
1074	119	29	55	Local Anchor	register a local jump-to destination	7	2	3							indefatigable lechwe	1011111101000111001110100101001011001011111001010001001111000001
1075	119	30	55	Read Own State	a = state	2	5	0			IncomingIntraMessageCounter	0	IncomingIntraMessageCounter[0]			
1076	119	31	55	Local Anchor	register a local jump-to destination	4	5	2							thorny binturong	0011011010100011111110111101110101111110010100000011001001001110
1077	119	32	55	Read Own State	a = state	4	4	1			IsParentCellOf	0	IsParentCellOf[0]			
1078	119	33	55	Read Own State	a = state	4	4	1			IsParentCellOf	0	IsParentCellOf[0]			
1079	119	34	55	Logical Or	a = b \textbar{}\textbar{} c	6	3	4								
1080	119	35	55	Nop-2	perform no operation	0	4	0								
1081	119	36	55	Read Own State	a = state	4	1	1			ResourceSendRequest	0	ResourceSendRequest[0]			
1082	119	37	55	Local Anchor	register a local jump-to destination	4	5	2							agile hoopoe	0011011000100011111010011101110101111110010100000011001001001110
1083	119	38	55	Draw Random Value	a = weighted draw from random number generator	3	0	3								
1084	119	39	55	Read Own State	a = state	4	4	1			NeighborFragmented	0	NeighborFragmented[0]			
1085	119	40	55	Logical Or	a = b \textbar{}\textbar{} c	6	3	4								
1086	119	41	55	Nop-2	perform no operation	0	4	0								
1087	119	42	55	Read Own State	a = state	4	1	0			ResourceSendRequest	0	ResourceSendRequest[0]			
1088	119	43	55	Send Intra-Cell Message	if a, send message another cardinal within cell	6	6	6							infinite yacare	1000000011011000100000101000111010100101101011001111101100110001
1089	119	44	55	Bitwise And	a = b \& c	5	1	7								
1090	119	45	55	Read Own State	a = state	4	1	0			ResourceSendRequest	0	ResourceSendRequest[0]			
1091	119	46	55	Send Intra-Cell Message	if a, send message another cardinal within cell	6	6	6							infinite yacare	1000000011011000100000101000111010100101101011001111101100110001
1092	119	47	55	Bitwise And	a = b \& c	5	1	7								
1093	119	48	55	Less Than	a = ( b < c )	0	4	4								
1094	119	49	55	Count Ones	a = popcnt( b )	1	7	6								
1095	119	50	55	Set Local Regulator	set local regulator value to a	6	6	2							rampant kite	1110101111011000100100101010101001110111100011011100010100011110
1096	119	51	55	Not Equal	a = (b != c)	6	7	6								
1097	119	52	55	Bitwise Xor	a = b \textasciicircum{} c	5	1	7								
1098	119	53	55	Less Than	a = ( b < c )	1	4	4								
1099	119	54	55	Local Anchor	register a local jump-to destination	3	7	6							dead tardigrade	0111011010111111011111010000100011111100101101100111010101101001
1100	120	0	3	Global Anchor	register a global jump-to destination, maybe terminate	0	5	3							divine bat	0110000011100111101010001001010111010010100111100010111110000110
1101	120	1	3	Read Own State	a = state	7	4	0			IncomingInterMessageCounter	0	IncomingInterMessageCounter[0]			
1102	120	2	3	Read Own State	a = state	6	3	0			NumKnownQuorumBits	0	NumKnownQuorumBits[0]			
1103	121	0	7	Global Anchor	register a global jump-to destination, maybe terminate	0	5	3							fatal bengal	0110000011100111101010001001110111010010000111101010111110000110
1104	121	1	7	Read Own State	a = state	7	4	0			NumKnownQuorumBits	0	NumKnownQuorumBits[0]			
1105	121	2	7	Read Own State	a = state	6	3	0			IsAlive	0	IsAlive[0]			
1106	121	3	7	Local Anchor	register a local jump-to destination	2	4	3							stimulating otter	0110110101100110011111011110100011101001000111010000010110111100
1107	121	4	7	Read Own State	a = state	7	4	0			NumKnownQuorumBits	0	NumKnownQuorumBits[0]			
1108	121	5	7	Read Own State	a = state	7	4	0			NumKnownQuorumBits	0	NumKnownQuorumBits[0]			
1109	121	6	7	Read Own State	a = state	6	3	0			IsAlive	0	IsAlive[0]			
1110	122	0	13	Global Anchor	register a global jump-to destination, maybe terminate	6	4	3							unfolded toco	1110101010010110001101011110000001100011100101001010000001000101
1111	122	1	13	Set Global Regulator	set global regulator value to a	1	5	5						0	zippy whelk	1100000101001111101010001011000100111000100010100000111011011110
1112	122	2	13	Set Global Regulator	set global regulator value to a	1	5	4						0	breeze kiwi	1100001101001111101010001011000100111000100010101000111011011110
1113	122	3	13	Local Anchor	register a local jump-to destination	5	1	4							rational deer	0000011110111101110100101000001110101111110010001000000100110110
1114	122	4	13	Logical Or	a = b \textbar{}\textbar{} c	3	2	3								
1115	122	5	13	Bitwise Xor	a = b \textasciicircum{} c	2	6	2								
1116	122	6	13	Terminal	a = value	4	4	0	-9.53691							
1117	122	7	13	Read Own State	a = state	7	7	7			SpawnCount	0	SpawnCount[0]			
1118	122	8	13	Get Local Regulator	a = local regulator value	7	3	2							shadowy morpho	0111111001010011011111011110011100010111101001000110000011001111
1119	122	9	13	Nop-2	perform no operation	0	2	5								
1120	122	10	13	Local Anchor	register a local jump-to destination	5	1	0							colorless firefly	0011000000110110010011100101101010110110001100101111000000011000
1121	122	11	13	Adjust Local Regulator	adjust local regulator value by a	3	0	3							cold plover	0100110101110110010100101101011001101110110010010100001000101111
1122	122	12	13	Read Own State	a = state	6	7	1			RicherThanNeighbor	0	RicherThanNeighbor[0]			
1123	123	0	43	Global Anchor	register a global jump-to destination, maybe terminate	6	2	4							which stag	1111110010110001010000001000000000101011100000010000111100000000
1124	123	1	43	Not Equal	a = (b != c)	6	1	5								
1125	123	2	43	Read Neighbor State	a = state	1	7	3			KinGroupMatch	0	KinGroupMatch[0]			
1126	123	3	43	Multiply Own State	state *= a	6	6	2			NopState	0	NopState[0]			
1127	123	4	43	Local Anchor	register a local jump-to destination	3	1	0							understood pig	0111101110011101001000111010111000100001101001110001111001010001
1128	123	5	43	Local Anchor	register a local jump-to destination	0	4	0							reckless squirrel	0001101011110101111000101110000010110000000110001001110110110011
1129	123	6	43	Add To Own State	state += a	6	6	2			RepLevRequest	0	RepLevRequest[0]			
1130	123	7	43	Local Anchor	register a local jump-to destination	0	4	0							favorable kookaburra	0001101011110101111000101110000010110010000110001001110110110011
1131	123	8	43	Equal	a = ( b == c )	7	5	0								
1132	123	9	43	Global Jump If	if a, goto tag match global anchor; if b, clear registers	2	6	7							fascinated bug	1011110010011110011010001101110001111101001000111010001100111011
1133	123	10	43	Local Anchor	register a local jump-to destination	0	4	0							rampant kitten	0001101011110101111000001110000010110000000110001001110110110011
1134	123	11	43	Add To Own State	state += a	4	6	2			RepLevRequest	0	RepLevRequest[0]			
1135	123	12	43	Local Anchor	register a local jump-to destination	0	4	0							favorable kookaburra	0001101011110101111000101110000010110010000110001001110110110011
1136	123	13	43	Equal	a = ( b == c )	7	5	0								
1137	123	14	43	Global Jump If	if a, goto tag match global anchor; if b, clear registers	2	6	7							fantabulous rhinoceros	1011110010011110011010000101110001111101001000111010001100111011
1138	123	15	43	Set Secondary Global Regulator	set global regulator value to a	4	0	6						1	eatable zorilla	0001101000001001000000010100111111110010111100010101110110010011
1139	123	16	43	Terminal	a = value	0	4	4	1376.11							
1140	123	17	43	Less Than	a = ( b < c )	4	3	7								
1141	123	18	43	Terminal	a = value	2	7	1	0.849186							
1142	123	19	43	Add To Own State	state += a	6	6	2			RepLevRequest	0	RepLevRequest[0]			
1143	123	20	43	Local Anchor	register a local jump-to destination	0	4	0							funny sandpiper	0001101011110111111000101110000010110010000110001001110110110011
1144	123	21	43	Equal	a = ( b == c )	7	5	0								
1145	123	22	43	Write Own State	if b, state = a	0	1	0			SpawnRequest	0	SpawnRequest[0]			
1146	123	23	43	Local Jump If Not	if !a, goto tag match local anchor	3	5	0							compassionate peccary	1000101111010101010000111011010110100011100111011111011001011111
1147	123	24	43	Count Ones	a = popcnt( b )	6	1	4								
1148	123	25	43	Modulo	a = b \% c	4	7	7								
1149	123	26	43	Send Intra-Cell Message	if a, send message another cardinal within cell	6	6	0							powerful beetle	1010001101101100011111101110110010010011110110000101010010011110
1150	123	27	43	Terminal	a = value	5	1	5	0.439249							
1151	123	28	43	Global Jump If	if a, goto tag match global anchor; if b, clear registers	2	6	7							fantabulous rhinoceros	1011110010011110011010000101110001111101001000111010001100111011
1152	123	29	43	Set Secondary Global Regulator	set global regulator value to a	4	0	6						1	eatable zorilla	0001101000001001000000010100111111110010111100010101110110010011
1153	123	30	43	Nop-1	perform no operation	5	0	6								
1154	123	31	43	Terminal	a = value	6	3	7	-10.3477							
1155	123	32	43	Get Global Regulator	a = global regulator value	5	6	6						0	grown solenodon	1100111010111001011110110111101101000101001011101011000011011111
1156	123	33	43	Local Anchor	register a local jump-to destination	5	5	0							piquant siskin	0010001001100110010011111011000011100010011100111101010100011000
1157	123	34	43	Terminal	a = value	2	6	3	-2.06402							
1158	123	35	43	Local Anchor	register a local jump-to destination	6	4	2							motivated marmot	0011111110111010000101001111110101101111000011100001110001010101
1159	123	36	43	Terminal	a = value	6	1	5	14.1507							
1160	123	37	43	Terminal	a = value	7	1	7	7.25388							
1161	123	38	43	Write Own State	if b, state = a	0	3	7			RepLevRequest	0	RepLevRequest[0]			
1162	123	39	43	Adjust Secondary Global Regulator	adjust global regulator value by a	4	5	5						1	forked emu	1101101000111111010010111101100011010011100000011101000100110010
1163	123	40	43	Logical And	a = b \&\& c	0	5	1								
1164	123	41	43	Local Anchor	register a local jump-to destination	6	4	7							harmonious pointer	0111100000000010100110100110101111011001101100111111110000010001
1165	123	42	43	Local Anchor	register a local jump-to destination	0	3	6							thorough hare	1010101000111110100011101101010001001011011101001100000010000001
1166	124	0	10	Global Anchor	register a global jump-to destination, maybe terminate	4	2	7							avaricious wambenger	0010110000001111000110100000011101110100101111011110001111100000
1167	124	1	10	Send Intra-Cell Message	if a, send message another cardinal within cell	5	2	7							festive grouse	1010000101101000010010010001110100010111101110110111101110110100
1168	124	2	10	Read Own State	a = state	2	6	3			NeighborOptimumQuorumExceeded	1	NeighborOptimumQuorumExceeded[1]			
1169	124	3	10	Broadcast Intra-Cell Message	if a, send message to all other cardinals within cell	7	6	2							snotty grebe	0011011100010110111101101000001000000000001000111100000100001001
1170	124	4	10	Less Than	a = ( b < c )	6	4	6								
1171	124	5	10	Local Anchor	register a local jump-to destination	4	2	1							mundane macaque	0100010100100111101000111001111101000011110010010001110101010001
1172	124	6	10	Read Own State	a = state	2	6	3			NeighborOptimumQuorumExceeded	1	NeighborOptimumQuorumExceeded[1]			
1173	124	7	10	Broadcast Intra-Cell Message	if a, send message to all other cardinals within cell	7	6	2							chemical wombat	0011011100000110111101101000101000000000001000111100000100001001
1174	124	8	10	Less Than	a = ( b < c )	6	4	6								
1175	124	9	10	Local Anchor	register a local jump-to destination	4	3	1							frosty nudibranch	0100010110100111101000111001111101000011110010010001110101010001
1176	125	0	1	Global Anchor	register a global jump-to destination, maybe terminate	4	2	6							heartbreaking rattlesnakes	1010110111010111001111001110010010111110101001111110011010001100
1177	126	0	5	Global Anchor	register a global jump-to destination, maybe terminate	2	1	1							billowy urchin	0011001000110000011101111001001011010110111000010001001110011001
1178	126	1	5	Not Equal	a = (b != c)	2	4	3								
1179	126	2	5	Read Neighbor State	a = state	0	6	3			IsChildGroupOf	1	IsChildGroupOf[1]			
1180	126	3	5	Read Own State	a = state	0	0	0			IsParentGroupOf	1	IsParentGroupOf[1]			
1181	126	4	5	Local Anchor	register a local jump-to destination	4	2	1							mundane macaque	0100010100100111101000111001111101000011110010010001110101010001
1182	127	0	5	Global Anchor	register a global jump-to destination, maybe terminate	2	1	1							billowy urchin	0011001000110000011101111001001011010110111000010001001110011001
1183	127	1	5	Not Equal	a = (b != c)	2	4	3								
1184	127	2	5	Read Neighbor State	a = state	0	6	3			KinGroupIDView	1	KinGroupIDView[1]			
1185	127	3	5	Read Own State	a = state	0	0	0			IsParentGroupOf	1	IsParentGroupOf[1]			
1186	127	4	5	Local Anchor	register a local jump-to destination	4	2	1							ethical dauber	0100010100100111101000111001111101000010110010010001110101010001
1187	128	0	19	Global Anchor	register a global jump-to destination, maybe terminate	2	1	1							billowy urchin	0011001000110000011101111001001011010110111000010001001110011001
1188	128	1	19	Not Equal	a = (b != c)	2	4	3								
1189	128	2	19	Read Neighbor State	a = state	0	6	3			IsNewborn	0	IsNewborn[0]			
1190	128	3	19	Read Own State	a = state	0	0	0			IsChildGroupOf	1	IsChildGroupOf[1]			
1191	128	4	19	Global Jump If	if a, goto tag match global anchor; if b, clear registers	2	4	2							loathsome mosquito	0010011111111010000111111001100010001100100001010101110001110000
1192	128	5	19	Send Intra-Cell Message	if a, send message another cardinal within cell	3	0	3							aback dormouse	1011110001011000010001100001011111111111111111010101011000000110
1193	128	6	19	Terminal	a = value	5	4	6	516.236							
1194	128	7	19	Divide	a = b / c	2	7	4								
1195	128	8	19	Less Than	a = ( b < c )	0	0	5								
1196	128	9	19	Increment	a = a + 1	5	5	0								
1197	128	10	19	Adjust Local Regulator	adjust local regulator value by a	2	2	1							liquid aardvark	0011001101101000011101000001111010101011000100010010011101000000
1198	128	11	19	Fork If	if a, submit fork request (processed when core terminates)	1	5	1							moody caterpillar	1110101001111010010011000011101111101110100010100101011101111101
1199	128	12	19	Terminal	a = value	4	2	7	0.325813							
1200	128	13	19	Local Jump If	if a, goto tag match local anchor	4	4	6							webbed anole	0010110010011100011000111010011011010100010001011111110000100001
1201	128	14	19	Local Jump If Not	if !a, goto tag match local anchor	7	5	0							grieving roborovski	1111000000110000110011111111000101010000101010101110111101011111
1202	128	15	19	Terminate If	if a, terminate core	4	6	2								
1203	128	16	19	Terminal	a = value	5	5	5	4.61325							
1204	128	17	19	Local Anchor	register a local jump-to destination	1	0	7							caustic mudskipper	1110100010101110000111001000011110000100011110010011010010111100
1205	128	18	19	Generate Random Bool	if p, a = 1; else a = 0	1	7	4		0.792533						
1206	129	0	18	Global Anchor	register a global jump-to destination, maybe terminate	2	5	0							annoying angelfish	0110101011001110010000001011001010001100111101001001001001010010
1207	129	1	18	Bitwise And	a = b \& c	1	0	3								
1208	129	2	18	Get Local Regulator	a = local regulator value	2	1	1							flashy louse	0000101111101010101111000001101110001100101110000101000111110011
1209	129	3	18	Terminal	a = value	2	5	6	-1.72006							
1210	129	4	18	Negate	a = -a	0	5	0								
1211	129	5	18	Terminal	a = value	1	0	6	3.35032							
1212	129	6	18	Modulo	a = b \% c	1	0	7								
1213	129	7	18	Terminal	a = value	4	2	7	28.9132							
1214	129	8	18	Local Anchor	register a local jump-to destination	4	4	6							soupy magellanic	0000110010011100010000111010011011000100000000011111110000100001
1215	129	9	18	Local Anchor	register a local jump-to destination	6	6	0							roasted penguin	1000010110011011011010010110110110000000110110011111110101101001
1216	129	10	18	Nop-0	perform no operation	1	1	1								
1217	129	11	18	Set Local Regulator	set local regulator value to a	7	0	3							empty numbat	1000111011011101011100100110010100110100010011111101010101011110
1218	129	12	18	Write Own State	if b, state = a	3	7	4			ResourceSendLimit	0	ResourceSendLimit[0]			
1219	129	13	18	Broadcast Intra-Cell Message	if a, send message to all other cardinals within cell	5	3	3							ultra bug	1110001000111010110010011011000111101110110010110000001011101110
1220	129	14	18	Terminal	a = value	5	3	6	131.774							
1221	129	15	18	Generate Random Bool	if p, a = 1; else a = 0	7	2	4		0.19292						
1222	129	16	18	Local Anchor	register a local jump-to destination	2	2	4							mundane waterbuck	0110100010011010001010011111111011000111010001100011111110000111
1223	129	17	18	Bitwise Xor	a = b \textasciicircum{} c	4	5	6								
1224	130	0	30	Global Anchor	register a global jump-to destination, maybe terminate	5	6	6							absolute ox	1111000011001101011110100110011110111101110100000000001011110111
1225	130	1	30	Terminal	a = value	2	0	3	-2.22184							
1226	130	2	30	Terminate If	if a, terminate core	4	1	4								
1227	130	3	30	Bitwise Xor	a = b \textasciicircum{} c	7	0	4								
1228	130	4	30	Terminal	a = value	7	1	6	-14.4179							
1229	130	5	30	Terminal	a = value	1	4	6	-0.344612							
1230	130	6	30	Terminal	a = value	2	7	5	-5.36944							
1231	130	7	30	Set Local Regulator	set local regulator value to a	3	5	4							waterlogged mole	1000000110001100101101000011001011101000010011000000101100101011
1232	130	8	30	Add To Own State	state += a	4	3	6			HeirRequest	0	HeirRequest[0]			
1233	130	9	30	Terminal	a = value	2	6	0	-299.121							
1234	130	10	30	Add To Own State	state += a	2	3	7			ResourceSendLimit	0	ResourceSendLimit[0]			
1235	130	11	30	Local Jump If	if a, goto tag match local anchor	4	6	0							writhing puma	1111001001001010011100010011001101110100110100101010101111100110
1236	130	12	30	Less Than	a = ( b < c )	4	6	6								
1237	130	13	30	Terminal	a = value	2	0	3	-2.22184							
1238	130	14	30	Bitwise Xor	a = b \textasciicircum{} c	0	2	4								
1239	130	15	30	Global Jump If	if a, goto tag match global anchor; if b, clear registers	6	0	4							thin lobster	1101100000010011101001101010111011000010010101100111001011101010
1240	130	16	30	Local Anchor	register a local jump-to destination	0	2	4							course caimans	0111011001101011100001011100010100101110010010110100011000000011
1241	130	17	30	Global Jump If	if a, goto tag match global anchor; if b, clear registers	6	0	4							sweltering grizzly	1101100000010010101001101010111011000010010101100111001011101010
1242	130	18	30	Terminal	a = value	4	6	1	2.22617							
1243	130	19	30	Terminal	a = value	5	4	4	-38.1068							
1244	130	20	30	Send Intra-Cell Message	if a, send message another cardinal within cell	6	3	6							left zebra	0111101101000001101110010100010000000011110000011111110111010011
1245	130	21	30	Terminate If	if a, terminate core	4	1	4								
1246	130	22	30	Negate	a = -a	4	0	2								
1247	130	23	30	Terminal	a = value	3	7	3	-0.536215							
1248	130	24	30	Adjust Secondary Global Regulator	adjust global regulator value by a	2	5	2						1	shoddy lobster	1100101001100001010100000000100100110100011100011001110000000000
1249	130	25	30	Terminal	a = value	5	4	6	-0.322304							
1250	130	26	30	Not Equal	a = (b != c)	2	7	1								
1251	130	27	30	Terminal	a = value	3	2	7	1.30452							
1252	130	28	30	Bitwise Shift	a = b << c	7	6	1								
1253	130	29	30	Terminal	a = value	6	6	5	9.74099							
1254	131	0	1	Global Anchor	register a global jump-to destination, maybe terminate	2	7	7							knobby stoat	0111000010011011101100010100010100010100010111100100000101011110
1255	132	0	6	Global Anchor	register a global jump-to destination, maybe terminate	3	1	0							dreary roborovski	1001001001011000000010001111001111100011100100010001100011101111
1256	132	1	6	Nop-0	perform no operation	5	5	3								
1257	132	2	6	Terminal	a = value	3	5	2	-11.152							
1258	132	3	6	Terminal	a = value	4	2	7	-38.1454							
1259	132	4	6	Divide	a = b / c	6	4	1								
1260	132	5	6	Local Jump If Not	if !a, goto tag match local anchor	1	0	2							delectable legaan	1100100100001110011010111010110000101101001001100110101011010101
1261	133	0	4	Global Anchor	register a global jump-to destination, maybe terminate	3	5	5							obsolete saki	1100000100001001011010101100110100001011001111100100001110101100
1262	133	1	4	Nop-0	perform no operation	2	5	2								
1263	133	2	4	Decay Global Regulator	decay global regulator value by register a	6	7	0						0	batty puffin	1101101100001100001111001101111110010100100010001110010011010101
1264	133	3	4	Local Anchor	register a local jump-to destination	5	6	2							formal plankton	1110001001001010100111110000101011001111010001111110110110110010
1265	134	0	14	Global Anchor	register a global jump-to destination, maybe terminate	4	7	3							didactic nighthawk	0010010101000000100101100101011101111100111100010111010111011010
1266	134	1	14	Bitwise Not	a = \textasciitilde{}b	6	7	5								
1267	134	2	14	Write Own State	if b, state = a	6	6	3			HeirRequest	0	HeirRequest[0]			
1268	134	3	14	Terminal	a = value	0	1	4	0.485842							
1269	134	4	14	Read Neighbor State	a = state	0	5	5			NeighborApoptosis	0	NeighborApoptosis[0]			
1270	134	5	14	Read Neighbor State	a = state	2	7	0			MostRecentCauseOfDeath	0	MostRecentCauseOfDeath[0]			
1271	134	6	14	Read Neighbor State	a = state	0	5	1			NopState	1	NopState[1]			
1272	134	7	14	Read Own State	a = state	7	1	0			ResourceSendLimit	0	ResourceSendLimit[0]			
1273	134	8	14	Local Anchor	register a local jump-to destination	0	3	7							deadpan pintail	0110001010010111010010101111100110000110111101010101000101100100
1274	134	9	14	Equal	a = ( b == c )	0	0	5								
1275	134	10	14	Modulo	a = b \% c	4	7	6								
1276	134	11	14	Local Anchor	register a local jump-to destination	0	3	4							makeshift galago	0111101010000111010010101111100110010110111101010101100101000100
1277	134	12	14	Multiply Own State	state *= a	0	0	4			RepLevRequest	0	RepLevRequest[0]			
1278	134	13	14	Add To Own State	state += a	3	7	5			TransientNopState	1	TransientNopState[1]			
1279	135	0	4	Global Anchor	register a global jump-to destination, maybe terminate	7	6	3							alarmed tangle	1010010011101010000111111001100011010000010110010000110001101110
1280	135	1	4	Read Neighbor State	a = state	1	1	7			IsChildCellOf	0	IsChildCellOf[0]			
1281	135	2	4	Bitwise And	a = b \& c	6	5	0								
1282	135	3	4	Terminal	a = value	4	4	0	-0.907272							
1283	136	0	8	Global Anchor	register a global jump-to destination, maybe terminate	6	4	1							natural palawan	0001111011110010100000101001110011010101010110100010101110011000
1284	136	1	8	Get Local Regulator	a = local regulator value	6	7	0							woozy ragdoll	1100001011100010011001110110001011110010010100111001001010000111
1285	136	2	8	Get Local Regulator	a = local regulator value	6	6	0							distant pomeranian	1100001011100010011001110101111011111010000100111101011010000110
1286	136	3	8	Terminal	a = value	4	5	5	0.0279268							
1287	136	4	8	Terminal	a = value	4	5	5	0.0281404							
1288	136	5	8	Bitwise And	a = b \& c	6	5	0								
1289	136	6	8	Read Own State	a = state	1	0	4			KinGroupAge	0	KinGroupAge[0]			
1290	136	7	8	Bitwise And	a = b \& c	4	5	0								
1291	137	0	7	Global Anchor	register a global jump-to destination, maybe terminate	7	4	2							uncommon pinscher	1111010100010001101000110000001001100001101000000111011001110100
1292	137	1	7	Get Local Regulator	a = local regulator value	6	5	4							responsible springbok	1100001011100010011001110111011011110010010100111101001010000111
1293	137	2	7	Get Local Regulator	a = local regulator value	6	6	0							grimy stingray	1100001011100110011001110111011011111010000100111101011110000110
1294	137	3	7	Terminal	a = value	4	5	5	0.027408							
1295	137	4	7	Bitwise And	a = b \& c	6	5	0								
1296	137	5	7	Read Own State	a = state	1	0	4			TransientNopState	2	TransientNopState[2]			
1297	137	6	7	Bitwise And	a = b \& c	4	5	0								
1298	138	0	9	Global Anchor	register a global jump-to destination, maybe terminate	7	4	2							raspy glider	1111010100010001101000110000001001001001101000000111011001110100
1299	138	1	9	Terminal	a = value	6	5	0	0.560613							
1300	138	2	9	Terminal	a = value	7	2	1	-5.58893							
1301	138	3	9	Bitwise Xor	a = b \textasciicircum{} c	2	1	5								
1302	138	4	9	Less Than	a = ( b < c )	6	4	2								
1303	138	5	9	Get Local Regulator	a = local regulator value	1	2	3							pretty wombat	1111011001110011001111100100100111011010001110010111111011000111
1304	138	6	9	Terminal	a = value	3	6	6	-6.39391							
1305	138	7	9	Set Local Regulator	set local regulator value to a	6	2	0							elfin zebra	1100101101000001011011000010000100100100001000101001110010000100
1306	138	8	9	Not Equal	a = (b != c)	4	3	7								
1307	139	0	10	Global Anchor	register a global jump-to destination, maybe terminate	4	3	2							overlooked pufferfish	0110000010000010000000010010010100100011111001111011001110110111
1308	139	1	10	Terminal	a = value	3	6	7	1.00371							
1309	139	2	10	Not Equal	a = (b != c)	5	3	1								
1310	139	3	10	Terminal	a = value	4	2	7	0.537759							
1311	139	4	10	Get Global Regulator	a = global regulator value	0	2	5						0	jaunty toad	0100111010000010010001000100100110111110101011110101011010010100
1312	139	5	10	Generate Random Bool	if p, a = 1; else a = 0	6	5	3		0.206861						
1313	139	6	10	Get Global Regulator	a = global regulator value	7	5	7						0	evergreen spider	0010101111000011110000110000101000010101001110110011110000101100
1314	139	7	10	Divide	a = b / c	4	7	4								
1315	139	8	10	Local Anchor	register a local jump-to destination	0	4	0							methodical locifera	0011000101010001000001010000111110101011110000100110101010000111
1316	139	9	10	Less Than	a = ( b < c )	4	2	2								
1317	140	0	5	Global Anchor	register a global jump-to destination, maybe terminate	5	3	1							beloved zebu	1001110101111111111000101100100000001110010011111010111101110100
1318	140	1	5	Multiply	a = b * c	1	4	0								
1319	140	2	5	Read Neighbor State	a = state	4	2	2			KinGroupWillExpire	1	KinGroupWillExpire[1]			
1320	140	3	5	Local Anchor	register a local jump-to destination	5	6	5							brawny rail	1101100101000100111100011000001110010111011110110001110001010011
1321	140	4	5	Divide	a = b / c	6	5	6								
1322	141	0	30	Global Anchor	register a global jump-to destination, maybe terminate	0	1	2							official tern	0100001111110010000100010000111100001000100111010110001111000100
1323	141	1	30	Logical And	a = b \&\& c	1	7	4								
1324	141	2	30	Terminal	a = value	4	7	0	181.55							
1325	141	3	30	Local Anchor	register a local jump-to destination	3	6	1							moist dik	0110000100001110101111111101100110101110000011011000011101010000
1326	141	4	30	Global Jump If	if a, goto tag match global anchor; if b, clear registers	6	0	2							hypnotic saki	0011000011110001001110010100110111100101001000111001100111111110
1327	141	5	30	Subtract	a = b - c	3	4	0								
1328	141	6	30	Terminal	a = value	7	7	7	-25191							
1329	141	7	30	Read Own State	a = state	4	6	6			SpawnedFrom	0	SpawnedFrom[0]			
1330	141	8	30	Read Own State	a = state	1	7	0			KinGroupIDAncestorView	1	KinGroupIDAncestorView[1]			
1331	141	9	30	Multiply Own State	state *= a	5	4	1			ResourceReserveRequest	0	ResourceReserveRequest[0]			
1332	141	10	30	Read Neighbor State	a = state	5	1	1			IsParentCellOf	0	IsParentCellOf[0]			
1333	141	11	30	Bitwise And	a = b \& c	1	4	1								
1334	141	12	30	Nop-2	perform no operation	1	3	7								
1335	141	13	30	Terminal	a = value	5	4	2	9.55006							
1336	141	14	30	Get Global Regulator	a = global regulator value	6	4	7						0	outspoken locifera	0101101000010000111011010010001111000010100111111001011110000001
1337	141	15	30	Send Inter-Cell Message	if a, send message to neighbor cell	1	2	2							resolute kangaroo	0111111000101011010011000000001110111010110000001010111111010101
1338	141	16	30	Send Intra-Cell Message	if a, send message another cardinal within cell	0	0	3							wrong pufferfish	1010010001110100000010111001101101110010010011010100110001011111
1339	141	17	30	Fork If	if a, submit fork request (processed when core terminates)	6	3	4							intrepid flamingo	0011011000001001001100111000111001001010100110011000001001000111
1340	141	18	30	Terminal	a = value	3	4	0	13.261							
1341	141	19	30	Bitwise Not	a = \textasciitilde{}b	5	5	2								
1342	141	20	30	Get Global Regulator	a = global regulator value	3	5	7						0	medical elephant	1101100100100001101001000111000111001000100110100001100100111101
1343	141	21	30	Broadcast Intra-Cell Message	if a, send message to all other cardinals within cell	3	5	6							salty nurse	1101000000100000111001000111000110001000100110100000100100111001
1344	141	22	30	Terminal	a = value	2	2	2	0.918583							
1345	141	23	30	Decay Local Regulator	decay local regulator value by register a	5	2	0							exotic harp	1100001001001100100010011001011000000000111000110000101010110100
1346	141	24	30	Read Own State	a = state	6	5	1			KinGroupIDView	1	KinGroupIDView[1]			
1347	141	25	30	Set Local Regulator	set local regulator value to a	7	0	5							filthy jackal	1010100011101010010110101100110101100011111101001101010010111000
1348	141	26	30	Fork If	if a, submit fork request (processed when core terminates)	3	1	2							foregoing tern	1011000101010011000001010001111110101111100001110000001010000111
1349	141	27	30	Set Global Regulator	set global regulator value to a	2	3	5						0	vague kaffir	1001001110011101110101010110001000111111110010000000111010110001
1350	141	28	30	Logical And	a = b \&\& c	6	4	4								
1351	141	29	30	Logical And	a = b \&\& c	6	4	4								
1352	142	0	4	Global Anchor	register a global jump-to destination, maybe terminate	4	4	7							mango rail	0110010111010010000000101000100000111011010110011111111001100110
1353	142	1	4	Read Neighbor State	a = state	7	6	0			KinGroupIDAncestorView	1	KinGroupIDAncestorView[1]			
1354	142	2	4	Read Own State	a = state	5	1	6			OptimumQuorumExceeded	1	OptimumQuorumExceeded[1]			
1355	142	3	4	Local Anchor	register a local jump-to destination	1	0	6							hefty langur	1101010010000101100010100000110000010110010111001111001101011010
1356	143	0	6	Global Anchor	register a global jump-to destination, maybe terminate	6	0	6							nosy tundra	0101100011101000001010000110010000101101011101101000010010011101
1357	143	1	6	Read Own State	a = state	5	6	1			IsChildGroupOf	0	IsChildGroupOf[0]			
1358	143	2	6	Read Own State	a = state	7	0	5			IncomingInterMessageCounter	0	IncomingInterMessageCounter[0]			
1359	143	3	6	Terminal	a = value	3	2	3	2.81134							
1360	143	4	6	Less Than	a = ( b < c )	5	1	2								
1361	143	5	6	Get Global Regulator	a = global regulator value	1	1	5						0	sandy bettong	1010100000100000111110000110110010100000100011110111011101010011
1362	144	0	14	Global Anchor	register a global jump-to destination, maybe terminate	7	4	2							seemly camel	0101101001011100110101111000111110001010011011110000011111111000
1363	144	1	14	Local Anchor	register a local jump-to destination	1	2	1							dense seal	0000111100011101010010111010111011100100110111110101000011011000
1364	144	2	14	Local Anchor	register a local jump-to destination	6	1	3							accessible housefly	1111010000110001100001110101110101101011011111101101111011100011
1365	144	3	14	Bitwise Shift	a = b << c	6	3	3								
1366	144	4	14	Decay Global Regulator	decay global regulator value by register a	6	7	6						0	civil pinscher	1010000000101100110001000001001111111100101110000001101100111010
1367	144	5	14	Broadcast Intra-Cell Message	if a, send message to all other cardinals within cell	4	1	0							rhetorical bass	1100011111010001000110100000101010111110100101001100111111001100
1368	144	6	14	Not	a = !a	3	1	2								
1369	144	7	14	Not Equal	a = (b != c)	5	1	2								
1370	144	8	14	Terminal	a = value	4	3	3	1.31859							
1371	144	9	14	Not	a = !a	1	7	1								
1372	144	10	14	Terminal	a = value	0	2	2	2.08505							
1373	144	11	14	Generate Random Bool	if p, a = 1; else a = 0	2	6	4		0.160307						
1374	144	12	14	Read Neighbor State	a = state	0	1	1			NopState	0	NopState[0]			
1375	144	13	14	Terminal	a = value	1	2	2	0.160325							
1376	145	0	21	Global Anchor	register a global jump-to destination, maybe terminate	6	0	6							capital meerkat	0101100011101010001010000110010000101101011111101000010010011100
1377	145	1	21	Terminal	a = value	5	6	3	-9398.09							
1378	145	2	21	Terminal	a = value	7	0	5	-2.70517							
1379	145	3	21	Decay Global Regulator	decay global regulator value by register a	6	7	6						0	liking fox	1010000000101100110001000001001110111100111101000000101100011010
1380	145	4	21	Send Inter-Cell Message	if a, send message to neighbor cell	4	1	0							thirsty spurfowl	1100011111010000000110100000101010101110100101000100111111001100
1381	145	5	21	Terminal	a = value	6	1	2	0.656863							
1382	145	6	21	Draw Random Value	a = weighted draw from random number generator	5	3	0								
1383	145	7	21	Terminal	a = value	1	3	2	-4.3052							
1384	145	8	21	Terminal	a = value	5	7	0	0.320069							
1385	145	9	21	Multiply	a = b * c	7	4	4								
1386	145	10	21	Terminal	a = value	0	2	7	-0.923173							
1387	145	11	21	Terminal	a = value	3	7	7	35.5229							
1388	145	12	21	Local Anchor	register a local jump-to destination	2	0	3							descriptive hare	0110001000011001100000110010101010111101110000111111010101011111
1389	145	13	21	Terminal	a = value	3	7	3	-0.682453							
1390	145	14	21	Send Inter-Cell Message	if a, send message to neighbor cell	4	1	0							materialistic bat	1000011111010000000110100000101010101110100101001100111111001000
1391	145	15	21	Terminal	a = value	6	1	2	0.656863							
1392	145	16	21	Draw Random Value	a = weighted draw from random number generator	5	3	0								
1393	145	17	21	Decay Secondary Global Regulator	decay global regulator value by register a	1	1	2						1	whole whimbrel	0011000101010011000101010101111110011111110000110000101010000111
1394	145	18	21	Terminal	a = value	3	7	3	-3.14618							
1395	145	19	21	Terminal	a = value	2	2	5	0.974192							
1396	145	20	21	Terminal	a = value	2	2	5	-0.0258076							
1397	146	0	17	Global Anchor	register a global jump-to destination, maybe terminate	0	2	3							bright zorro	1110001100101010001110111111101110011110000111110011100111011111
1398	146	1	17	Terminal	a = value	4	1	5	72.1054							
1399	146	2	17	Logical Or	a = b \textbar{}\textbar{} c	4	6	6								
1400	146	3	17	Equal	a = ( b == c )	4	2	6								
1401	146	4	17	Terminal	a = value	1	5	1	-0.619654							
1402	146	5	17	Terminal	a = value	4	1	5	75.7399							
1403	146	6	17	Logical Or	a = b \textbar{}\textbar{} c	4	6	6								
1404	146	7	17	Equal	a = ( b == c )	4	2	6								
1405	146	8	17	Terminal	a = value	1	5	1	-0.619654							
1406	146	9	17	Decay Secondary Global Regulator	decay global regulator value by register a	7	4	6						1	wandering goose	0010011000011110111010100101110110100010111101001000010110111010
1407	146	10	17	Local Anchor	register a local jump-to destination	0	7	7							local hamerkop	0111100111101011110100101110110011111110010001010001011100010000
1408	146	11	17	Terminal	a = value	6	6	0	-9.41647							
1409	146	12	17	Add	a = b + c	4	3	4								
1410	146	13	17	Read Own State	a = state	5	0	1			ResourceReserveRequest	0	ResourceReserveRequest[0]			
1411	146	14	17	Get Local Regulator	a = local regulator value	3	3	3							damn yak	1000110110010100110010011110110101110110100101100000000111100110
1412	146	15	17	Subtract	a = b - c	1	0	0								
1413	146	16	17	Not Equal	a = (b != c)	1	1	5								
1414	147	0	8	Global Anchor	register a global jump-to destination, maybe terminate	1	4	7							coherent sealion	0001111001111011010000001001001010011001001101001101100011111110
1415	147	1	8	Set Secondary Global Regulator	set global regulator value to a	6	7	0						1	helpful armadillo	1011101100011100100100000000111111111111100000100011010001011001
1416	147	2	8	Nop-0	perform no operation	4	5	5								
1417	147	3	8	Adjust Global Regulator	adjust global regulator value by a	0	1	7						0	pokey hummingbird	0000000100101101011001001111111011110010011000001101001110000000
1418	147	4	8	Modulo	a = b \% c	6	3	3								
1419	147	5	8	Terminal	a = value	3	6	6	-2.83514							
1420	147	6	8	Bitwise Xor	a = b \textasciicircum{} c	3	6	1								
1421	147	7	8	Add	a = b + c	5	0	6								
1422	148	0	1	Global Anchor	register a global jump-to destination, maybe terminate	6	1	6							windy wombat	1100000101110010111100011001100111101111010110010000011011110001
1423	149	0	4	Global Anchor	register a global jump-to destination, maybe terminate	2	4	5							trivial amoeba	0000011100000110011100000111010101111110100001001011001110110011
1424	149	1	4	Local Anchor	register a local jump-to destination	7	1	1							informal snare	1100001111111111011100011001000001110100000010101001110001011110
1425	149	2	4	Local Anchor	register a local jump-to destination	5	5	0							cloistered dormouse	0010100100110010010011100111010010000111010101111110011101101001
1426	149	3	4	Local Anchor	register a local jump-to destination	5	3	4							ludicrous tundra	1101100111100000000110011001110111000010110000101010000011110101
1427	150	0	8	Global Anchor	register a global jump-to destination, maybe terminate	5	0	4							murky mushroom	1110000110101011111101110111111011111000100010111100100000110100
1428	150	1	8	Terminal	a = value	5	5	4	-0.402138							
1429	150	2	8	Local Anchor	register a local jump-to destination	3	5	1							pungent toco	0000110100111000101101110100001001001010011010101100100001000011
1430	150	3	8	Multiply Own State	state *= a	7	2	3			ResourceReceiveResistance	0	ResourceReceiveResistance[0]			
1431	150	4	8	Read Own State	a = state	1	4	1			SpawnCount	0	SpawnCount[0]			
1432	150	5	8	Decay Local Regulator	decay local regulator value by register a	2	2	7							spiky poodle	1011100111011010110101101110010101010011110100101001010100110010
1433	150	6	8	Subtract	a = b - c	1	1	5								
1434	150	7	8	Terminal	a = value	6	3	6	-1.10395e+06							
1435	151	0	22	Global Anchor	register a global jump-to destination, maybe terminate	2	5	2							possessive petrel	1101111100110110000011110000010000111000100011111010101010010101
1436	151	1	22	Terminal	a = value	3	0	0	0.41467							
1437	151	2	22	Local Anchor	register a local jump-to destination	5	7	1							afraid tamanduas	0111000010100000011011000101001000100100100100001111011010010110
1438	151	3	22	Read Own State	a = state	7	2	3			NopState	1	NopState[1]			
1439	151	4	22	Logical And	a = b \&\& c	5	7	3								
1440	151	5	22	Count Ones	a = popcnt( b )	0	6	6								
1441	151	6	22	Local Anchor	register a local jump-to destination	4	2	1							spinning thrip	0100110011101110101001111011111100011100001000111000100011100110
1442	151	7	22	Terminal	a = value	7	6	3	-14.6687							
1443	151	8	22	Local Anchor	register a local jump-to destination	5	7	1							affordable stilt	0111000010100000011011000101001000100100100100001111010010010110
1444	151	9	22	Read Own State	a = state	7	2	3			NopState	1	NopState[1]			
1445	151	10	22	Terminate If	if a, terminate core	5	7	3								
1446	151	11	22	Count Ones	a = popcnt( b )	0	6	6								
1447	151	12	22	Local Anchor	register a local jump-to destination	4	2	1							nutritious piranha	0100110011101110101001111011111100011000001000111000100011100110
1448	151	13	22	Terminal	a = value	7	6	3	-14.6687							
1449	151	14	22	Terminal	a = value	6	5	4	-4.23025							
1450	151	15	22	Terminal	a = value	7	6	3	-14.6687							
1451	151	16	22	Terminal	a = value	6	5	4	-4.23025							
1452	151	17	22	Decrement	a = a - 1	3	1	4								
1453	151	18	22	Logical Or	a = b \textbar{}\textbar{} c	5	5	1								
1454	151	19	22	Read Neighbor State	a = state	6	0	4			NopState	1	NopState[1]			
1455	151	20	22	Decay Global Regulator	decay global regulator value by register a	1	6	1						0	crabby dik	0000110100010100110100101100000101110001110101000000000000001001
1456	151	21	22	Read Neighbor State	a = state	1	0	1			NumKnownQuorumBits	1	NumKnownQuorumBits[1]			
1457	152	0	13	Global Anchor	register a global jump-to destination, maybe terminate	1	0	1							spotty tortoise	0100000001111110101000001110000100000011110110110011001010010100
1458	152	1	13	Set Local Regulator	set local regulator value to a	7	2	2							attractive snakes	1000100001111001111110101000000110010010100000100100001110100011
1459	152	2	13	Decrement	a = a - 1	6	2	1								
1460	152	3	13	Decay Global Regulator	decay global regulator value by register a	1	6	1						0	crabby dik	0000110100010100110100101100000101110001110101000000000000001001
1461	152	4	13	Read Neighbor State	a = state	1	0	1			NumKnownQuorumBits	1	NumKnownQuorumBits[1]			
1462	152	5	13	Read Neighbor State	a = state	1	0	1			SpawnCount	0	SpawnCount[0]			
1463	152	6	13	Set Local Regulator	set local regulator value to a	7	2	2							attractive snakes	1000100001111001111110101000000110010010100000100100001110100011
1464	152	7	13	Decrement	a = a - 1	6	2	1								
1465	152	8	13	Read Neighbor State	a = state	1	5	0			HeirRequest	0	HeirRequest[0]			
1466	152	9	13	Local Anchor	register a local jump-to destination	0	2	5							efficacious barnacle	0001000101000100011111101100011010010110110000100110011110111101
1467	152	10	13	Read Own State	a = state	0	6	5			NeighborOptimumQuorumExceeded	1	NeighborOptimumQuorumExceeded[1]			
1468	152	11	13	Read Own State	a = state	0	6	3			NeighborApoptosis	0	NeighborApoptosis[0]			
1469	152	12	13	Set Local Regulator	set local regulator value to a	3	5	4							common gastrotrich	0011111000111101111000000111101110101101100001000111010000100011
1470	153	0	8	Global Anchor	register a global jump-to destination, maybe terminate	7	5	7							unhappy spider	1011111110111011100110001000011100010100110101111000100001100011
1471	153	1	8	Local Anchor	register a local jump-to destination	3	6	0							cruel springbok	0100100101010011110001000000110010010001100000111010100010111110
1472	153	2	8	Terminal	a = value	7	1	1	-3.49294							
1473	153	3	8	Bitwise Xor	a = b \textasciicircum{} c	5	3	0								
1474	153	4	8	Fork If	if a, submit fork request (processed when core terminates)	1	5	3							nervous mayfly	1001110001010100011111101010010101011010011011100011111110010100
1475	153	5	8	Local Anchor	register a local jump-to destination	0	2	5							nutritious hoopoe	0001000101010100011111101100011010010110110000100110010110101111
1476	153	6	8	Terminal	a = value	1	6	5	4.26208							
1477	153	7	8	Set Local Regulator	set local regulator value to a	3	5	4							common gastrotrich	0011111000111101111000000111101110101101100001000111010000100011
1478	154	0	22	Global Anchor	register a global jump-to destination, maybe terminate	7	5	7							unhappy spider	1011111110111011100110001000011100010100110101111000100001100011
1479	154	1	22	Local Anchor	register a local jump-to destination	3	6	0							cruel springbok	0100100101010011110001000000110010010001100000111010100010111110
1480	154	2	22	Terminal	a = value	7	1	1	-3.49294							
1481	154	3	22	Bitwise Xor	a = b \textasciicircum{} c	5	3	0								
1482	154	4	22	Local Jump If	if a, goto tag match local anchor	4	5	3							mango lemming	0001000011110011101011100000111000001000010100011111001010101001
1483	154	5	22	Multiply Own State	state *= a	5	1	1			RepLevRequest	0	RepLevRequest[0]			
1484	154	6	22	Decay Global Regulator	decay global regulator value by register a	6	6	1						0	muddy duck	0001111000001111110010111100110110001101001111010000100011010111
1485	154	7	22	Terminal	a = value	0	5	5	-5706.19							
1486	154	8	22	Less Than	a = ( b < c )	6	2	3								
1487	154	9	22	Terminal	a = value	5	7	6	7606.48							
1488	154	10	22	Set Local Regulator	set local regulator value to a	1	2	3							hope owl	0000011110001111000010111100110011011000110111000100001110000110
1489	154	11	22	Fork If	if a, submit fork request (processed when core terminates)	1	5	3							nervous mayfly	1001110001010100011111101010010101011010011011100011111110010100
1490	154	12	22	Local Anchor	register a local jump-to destination	0	2	5							nutritious hoopoe	0001000101010100011111101100011010010110110000100110010110101111
1491	154	13	22	Terminal	a = value	1	6	5	4.26208							
1492	154	14	22	Fork If	if a, submit fork request (processed when core terminates)	1	5	3							motionless ragdoll	1001110001010100011110101010010101011010011011100011110110010100
1493	154	15	22	Add To Own State	state += a	2	2	5			ResourceSendRequest	0	ResourceSendRequest[0]			
1494	154	16	22	Divide	a = b / c	3	6	2								
1495	154	17	22	Get Local Regulator	a = local regulator value	1	1	2							polite parrot	0100110100001000111010000011001011100011010110001011101010101001
1496	154	18	22	Terminate If	if a, terminate core	0	6	6								
1497	154	19	22	Local Anchor	register a local jump-to destination	2	5	1							lone grebe	0100110011101100010101001001001001000010001010001010000111101101
1498	154	20	22	Read Neighbor State	a = state	4	0	0			ResourceSendRequest	0	ResourceSendRequest[0]			
1499	154	21	22	Decay Secondary Global Regulator	decay global regulator value by register a	1	7	5						1	ill cusimanse	1100111011110010011100111111010101101011000001000001110101011111
1500	155	0	14	Global Anchor	register a global jump-to destination, maybe terminate	3	5	3							intrigued owl	1001110001010100011111111010010101011010011011000011111110000101
1501	155	1	14	Broadcast Intra-Cell Message	if a, send message to all other cardinals within cell	7	7	4							borderline iguana	0010010101000111001000100101000110010110011000011000111110000011
1502	155	2	14	Modulo	a = b \% c	2	1	6								
1503	155	3	14	Terminal	a = value	4	6	7	0.527316							
1504	155	4	14	Terminal	a = value	4	1	5	-0.773296							
1505	155	5	14	Fork If	if a, submit fork request (processed when core terminates)	5	1	7							delicious bass	1010110000011111010010001011110100010110000101100011010101001000
1506	155	6	14	Less Than	a = ( b < c )	7	1	2								
1507	155	7	14	Write Own State	if b, state = a	0	2	2			ResourceSendLimit	0	ResourceSendLimit[0]			
1508	155	8	14	Terminal	a = value	5	4	5	0.8735							
1509	155	9	14	Bitwise Xor	a = b \textasciicircum{} c	0	7	3								
1510	155	10	14	Nop-1	perform no operation	6	0	4								
1511	155	11	14	Add To Own State	state += a	2	3	3			TransientNopState	3	TransientNopState[3]			
1512	155	12	14	Not	a = !a	0	1	3								
1513	155	13	14	Decay Secondary Global Regulator	decay global regulator value by register a	7	0	2						1	wailing langur	1110011100110000000011110000110111000101101101011110001100010001
1514	156	0	39	Global Anchor	register a global jump-to destination, maybe terminate	2	4	7							outstanding nighthawk	1101110111111001010011001010010111010011110010011001010111001001
1515	156	1	39	Terminal	a = value	1	3	3	1.69959							
1516	156	2	39	Send Inter-Cell Message	if a, send message to neighbor cell	5	3	7							stinky cottonmouth	1001110100011111101001011111010010000101010110010010100001001111
1517	156	3	39	Read Own State	a = state	5	1	5			RicherThanNeighbor	0	RicherThanNeighbor[0]			
1518	156	4	39	Local Jump If Not	if !a, goto tag match local anchor	5	0	3							pleasing porpoise	0010000100010110010011000101110100110100110101100110110011100110
1519	156	5	39	Get Global Regulator	a = global regulator value	0	2	1						0	regular insect	1101001101001001001101100001110010110100100010011001110110100001
1520	156	6	39	Draw Random Value	a = weighted draw from random number generator	6	5	5								
1521	156	7	39	Terminal	a = value	4	4	5	-0.154192							
1522	156	8	39	Terminal	a = value	4	4	5	-0.154192							
1523	156	9	39	Bitwise Not	a = \textasciitilde{}b	4	6	4								
1524	156	10	39	Modulo	a = b \% c	2	3	6								
1525	156	11	39	Get Global Regulator	a = global regulator value	1	5	4						0	wee chihuahua	0101000001010000101100010101000010110101101011011100111111101000
1526	156	12	39	Terminal	a = value	4	6	7	-0.559602							
1527	156	13	39	Terminal	a = value	4	4	5	-0.154192							
1528	156	14	39	Bitwise Not	a = \textasciitilde{}b	4	6	4								
1529	156	15	39	Modulo	a = b \% c	2	3	6								
1530	156	16	39	Get Global Regulator	a = global regulator value	1	5	4						0	wee chihuahua	0101000001010000101100010101000010110101101011011100111111101000
1531	156	17	39	Terminal	a = value	4	6	7	-0.56009							
1532	156	18	39	RandomFill	fill a with uniformly-distributed random bits	3	3	7								
1533	156	19	39	Nop-0	perform no operation	7	0	3								
1534	156	20	39	Count Ones	a = popcnt( b )	4	2	2								
1535	156	21	39	Logical Or	a = b \textbar{}\textbar{} c	7	1	0								
1536	156	22	39	Terminal	a = value	4	2	1	-15.3926							
1537	156	23	39	Terminate If	if a, terminate core	4	4	6								
1538	156	24	39	Terminal	a = value	2	5	5	0.912099							
1539	156	25	39	Less Than	a = ( b < c )	7	5	1								
1540	156	26	39	Local Anchor	register a local jump-to destination	1	3	2							sweaty anemone	1011110110001111100100101101101111001111000110010101101000011000
1541	156	27	39	Get Global Regulator	a = global regulator value	6	4	0						0	ghoulish flatworm	0000111111010011010000110011001001111010000100011100110010110111
1542	156	28	39	Send Inter-Cell Message	if a, send message to neighbor cell	7	4	2							heartsick lynx	0101101100101101011111110110010101101110010011011001101110011001
1543	156	29	39	Equal	a = ( b == c )	2	6	3								
1544	156	30	39	Terminate If	if a, terminate core	4	2	5								
1545	156	31	39	Divide	a = b / c	5	6	5								
1546	156	32	39	RandomFill	fill a with uniformly-distributed random bits	5	1	3								
1547	156	33	39	Decrement	a = a - 1	3	5	2								
1548	156	34	39	Less Than	a = ( b < c )	6	0	2								
1549	156	35	39	Local Anchor	register a local jump-to destination	4	1	6							unhelpful muskox	1011011101111111110100101011100000011100110101111000000110000100
1550	156	36	39	Local Anchor	register a local jump-to destination	3	0	4							merciful katydid	0110000010100101001110010000100111000000110010100001000100100011
1551	156	37	39	Decrement	a = a - 1	3	1	6								
1552	156	38	39	Modulo	a = b \% c	7	0	7								
1553	157	0	2	Global Anchor	register a global jump-to destination, maybe terminate	2	2	6							hilarious capercaillie	1001011001111111110100001010100000011110110101111000000110000100
1554	157	1	2	Local Anchor	register a local jump-to destination	7	4	4							misty ostrich	0010000010100101101110011000100101001000111110100001000100100111
1555	158	0	6	Global Anchor	register a global jump-to destination, maybe terminate	0	0	3							humble wambenger	0011001001011001011011000100100100010000011110111110101010001110
1556	158	1	6	Add To Own State	state += a	0	7	2			NopState	1	NopState[1]			
1557	158	2	6	Add To Own State	state += a	4	0	3			ResourceSendLimit	0	ResourceSendLimit[0]			
1558	158	3	6	RandomFill	fill a with uniformly-distributed random bits	6	0	6								
1559	158	4	6	Read Own State	a = state	6	1	6			IsChildCellOf	0	IsChildCellOf[0]			
1560	158	5	6	Send Intra-Cell Message	if a, send message another cardinal within cell	4	7	1							biodegradable ibex	0101010100011011110000110100011101100100110101001111100001101000
1561	159	0	5	Global Anchor	register a global jump-to destination, maybe terminate	1	2	0							blessed wildebeest	1000111000111010011100100101010010101111001010000101110100001010
1562	159	1	5	Terminal	a = value	5	0	0	-0.548841							
1563	159	2	5	Terminal	a = value	1	5	1	-33.4397							
1564	159	3	5	Adjust Local Regulator	adjust local regulator value by a	4	3	2							empty urchin	1011110010100111100010000100010110001101101110110101110011000000
1565	159	4	5	Broadcast Intra-Cell Message	if a, send message to all other cardinals within cell	3	7	6							profitable narwhal	0101100011101001000011011001001100000110110100111110101000000010
1566	160	0	6	Global Anchor	register a global jump-to destination, maybe terminate	5	5	5							diplomatic amoeba	0111000001001111000001110001101001011000100010011001000010111001
1567	160	1	6	Add To Own State	state += a	6	0	6			ResourceSendRequest	0	ResourceSendRequest[0]			
1568	160	2	6	Read Neighbor State	a = state	7	7	3			NumKnownQuorumBits	1	NumKnownQuorumBits[1]			
1569	160	3	6	Less Than	a = ( b < c )	4	0	4								
1570	160	4	6	Terminal	a = value	7	4	2	-1802.75							
1571	160	5	6	Send Intra-Cell Message	if a, send message another cardinal within cell	6	7	1							utilized sparrow	0101111101011011110010110100001111100100110101001110100001111100
1572	161	0	6	Global Anchor	register a global jump-to destination, maybe terminate	7	4	0							merciful tamandua	0111010101111011100101001111011010101111100111000010000111000001
1573	161	1	6	Add To Own State	state += a	6	0	6			ResourceSendRequest	0	ResourceSendRequest[0]			
1574	161	2	6	Read Neighbor State	a = state	7	7	3			NumKnownQuorumBits	1	NumKnownQuorumBits[1]			
1575	161	3	6	Less Than	a = ( b < c )	4	0	4								
1576	161	4	6	Terminal	a = value	7	4	2	-1802.75							
1577	161	5	6	Send Intra-Cell Message	if a, send message another cardinal within cell	6	7	1							utilized sparrow	0101111101011011110010110100001111100100110101001110100001111100
1578	162	0	3	Global Anchor	register a global jump-to destination, maybe terminate	7	4	1							internal dachshund	0111110101111011100101001110011010101111100111000010000111000001
1579	162	1	3	Read Neighbor State	a = state	6	1	0			IncomingInterMessageCounter	0	IncomingInterMessageCounter[0]			
1580	162	2	3	Write Own State	if b, state = a	1	2	3			RepLevRequest	0	RepLevRequest[0]			
1581	163	0	4	Global Anchor	register a global jump-to destination, maybe terminate	7	4	0							mushy dobermann	0111010101111011100101001110011010101101100111000010000111000001
1582	163	1	4	Read Neighbor State	a = state	6	1	0			IncomingInterMessageCounter	0	IncomingInterMessageCounter[0]			
1583	163	2	4	Write Own State	if b, state = a	1	2	3			RepLevRequest	0	RepLevRequest[0]			
1584	163	3	4	Decay Secondary Global Regulator	decay global regulator value by register a	4	7	1						1	breeze gerbil	1001001111111100110000010000001110010010000010101101011111000010
1585	164	0	15	Global Anchor	register a global jump-to destination, maybe terminate	1	5	5							maternal frigate	0111000001000101000001110001101011011000100010111001000010111001
1586	164	1	15	Send Intra-Cell Message	if a, send message another cardinal within cell	7	7	3							thinkable waxbill	1001111100011001110010110100001111100100110101001111100000111100
1587	164	2	15	Less Than	a = ( b < c )	4	0	0								
1588	164	3	15	Terminal	a = value	7	4	4	-328.623							
1589	164	4	15	Less Than	a = ( b < c )	4	0	0								
1590	164	5	15	Terminal	a = value	7	4	2	-356.699							
1591	164	6	15	Terminal	a = value	1	5	5	-1299.58							
1592	164	7	15	Logical And	a = b \&\& c	6	1	2								
1593	164	8	15	Set Local Regulator	set local regulator value to a	7	7	3							astonishing titi	1100110000011001010010101100110110000100111101100111100001100000
1594	164	9	15	Decay Secondary Global Regulator	decay global regulator value by register a	4	3	5						1	dowdy kea	0000010111011000000011000101001110000001100000010110110101101110
1595	164	10	15	Write Own State	if b, state = a	6	6	4			NopState	1	NopState[1]			
1596	164	11	15	Multiply	a = b * c	6	3	5								
1597	164	12	15	Read Own State	a = state	7	7	5			KinGroupIDView	0	KinGroupIDView[0]			
1598	164	13	15	Bitwise Or	a = b \textbar{} c	7	5	0								
1599	164	14	15	Local Jump If Not	if !a, goto tag match local anchor	4	0	5							limp oystercatcher	0001010111011000000111000001001110000001101001001110110110101110
1600	165	0	4	Global Anchor	register a global jump-to destination, maybe terminate	6	1	2							dimpled toco	1000100010001101101111010001010100111111001000001011010010000000
1601	165	1	4	Decrement	a = a - 1	5	7	2								
1602	165	2	4	Terminal	a = value	5	7	2	3.05429							
1603	165	3	4	Terminal	a = value	7	7	2	2.65213							
1604	166	0	3	Global Anchor	register a global jump-to destination, maybe terminate	7	0	0							handsewn cuckoo	1000011001101011011100100101010010101100001011111101000101001010
1605	166	1	3	Set Local Regulator	set local regulator value to a	7	7	3							measly rattlesnakes	1101100100001001110000101100010100100100111101000111100001100000
1606	166	2	3	Terminal	a = value	3	7	2	2.65213							
1607	167	0	11	Global Anchor	register a global jump-to destination, maybe terminate	7	0	0							mute opossums	1000111001101011011100100101110010100110001011111101000100001010
1608	167	1	11	Read Own State	a = state	6	1	2			MostRecentCauseOfDeath	0	MostRecentCauseOfDeath[0]			
1609	167	2	11	Decrement	a = a - 1	5	7	2								
1610	167	3	11	Terminal	a = value	7	7	2	2.67385							
1611	167	4	11	Global Jump If Not	if !a, goto global anchor; if !b, clear registers	7	5	1							spectacular kingfisher	0100000100010111100011001011111001100100111010100110010101110001
1612	167	5	11	Send Intra-Cell Message	if a, send message another cardinal within cell	3	6	6							common lion	1001010001111010110110000110100001111110010110110100100111010000
1613	167	6	11	Global Jump If Not	if !a, goto global anchor; if !b, clear registers	7	5	1							vague dugong	0100000100010111000011001001111001101100111010100110010101110001
1614	167	7	11	Send Intra-Cell Message	if a, send message another cardinal within cell	3	6	6							conscious right	1001010011111010110110000110100001111110010111110100100111010000
1615	167	8	11	Read Own State	a = state	6	1	2			NeighborFragmented	0	NeighborFragmented[0]			
1616	167	9	11	Terminal	a = value	5	7	2	0.449612							
1617	167	10	11	Terminal	a = value	7	7	2	2.67385							
1618	168	0	2	Global Anchor	register a global jump-to destination, maybe terminate	4	2	4							fallacious darter	0111010010001100010001110100111111110010011001010010100001100111
1619	168	1	2	Terminal	a = value	6	1	6	0.265916							
1620	169	0	1	Global Anchor	register a global jump-to destination, maybe terminate	4	2	0							sweltering cowfish	1100000001101011111111101001100101111011010111100101011001000100
1621	170	0	2	Global Anchor	register a global jump-to destination, maybe terminate	4	2	4							fallacious darter	0111010010001100010001110100111111110010011001010010100001100111
1622	170	1	2	Terminal	a = value	6	1	6	53.1825							
1623	171	0	1	Global Anchor	register a global jump-to destination, maybe terminate	4	2	0							sweltering cowfish	1100000001101011111111101001100101111011010111100101011001000100
1624	172	0	2	Global Anchor	register a global jump-to destination, maybe terminate	4	2	4							fallacious darter	0111010010001100010001110100111111110010011001010010100001100111
1625	172	1	2	Decay Secondary Global Regulator	decay global regulator value by register a	6	1	6						1	red murex	1010001000001001100001011010100011111000011001101110011011001111
1626	173	0	1	Global Anchor	register a global jump-to destination, maybe terminate	4	2	0							sweltering cowfish	1100000001101011111111101001100101111011010111100101011001000100
1627	174	0	1	Global Anchor	register a global jump-to destination, maybe terminate	7	0	0							frightful chicken	1000111001101011010100000100010110100111011011111101000101000011
1628	175	0	3	Global Anchor	register a global jump-to destination, maybe terminate	6	0	0							substantial jellyfish	1000111001101011011100100101010010100110001011101101000101001010
1629	175	1	3	Read Own State	a = state	6	1	2			NeighborFragmented	0	NeighborFragmented[0]			
1630	175	2	3	Decrement	a = a - 1	1	7	2								
1631	176	0	41	Global Anchor	register a global jump-to destination, maybe terminate	5	6	0							hopeful secretary	1100001101101010111111000001100101111011010111100101011001000100
1632	176	1	41	Bitwise Shift	a = b << c	4	2	5								
1633	176	2	41	Read Own State	a = state	0	4	3			ReceivedResourceFrom	0	ReceivedResourceFrom[0]			
1634	176	3	41	Read Own State	a = state	3	6	2			StockpileDepleted	0	StockpileDepleted[0]			
1635	176	4	41	Terminal	a = value	1	6	2	-1.02362							
1636	176	5	41	Read Neighbor State	a = state	4	0	2			IsChildGroupOf	1	IsChildGroupOf[1]			
1637	176	6	41	Equal	a = ( b == c )	5	5	5								
1638	176	7	41	Terminal	a = value	3	6	5	-1.70521							
1639	176	8	41	Get Secondary Global Regulator	a = global regulator value	5	6	5						1	placid rail	0000010110000010111000101001010101101110110000111000001100110001
1640	176	9	41	Terminal	a = value	2	6	1	-0.950089							
1641	176	10	41	Local Anchor	register a local jump-to destination	5	6	0							fragrant osprey	1100001001101000111111000001101100111011010111101101011001000100
1642	176	11	41	Bitwise Shift	a = b << c	4	2	1								
1643	176	12	41	Read Own State	a = state	0	0	3			NopState	2	NopState[2]			
1644	176	13	41	Bitwise Shift	a = b << c	4	2	5								
1645	176	14	41	Read Own State	a = state	0	4	3			ReceivedResourceFrom	0	ReceivedResourceFrom[0]			
1646	176	15	41	Read Own State	a = state	3	6	2			StockpileDepleted	0	StockpileDepleted[0]			
1647	176	16	41	Get Secondary Global Regulator	a = global regulator value	5	6	5						1	blushing beetle	0000010110000011111001101001010101101100110000111000001100110001
1648	176	17	41	Add To Own State	state += a	6	0	1			NopState	0	NopState[0]			
1649	176	18	41	Add To Own State	state += a	6	0	0			NopState	0	NopState[0]			
1650	176	19	41	Bitwise Shift	a = b << c	6	4	5								
1651	176	20	41	Read Own State	a = state	4	6	3			StockpileFecund	0	StockpileFecund[0]			
1652	176	21	41	Add To Own State	state += a	6	0	0			NopState	2	NopState[2]			
1653	176	22	41	Decrement	a = a - 1	5	4	6								
1654	176	23	41	Terminal	a = value	3	6	2	3.04407							
1655	176	24	41	Bitwise Shift	a = b << c	5	5	7								
1656	176	25	41	Decrement	a = a - 1	5	6	6								
1657	176	26	41	Terminal	a = value	7	3	7	0.945789							
1658	176	27	41	Send Intra-Cell Message	if a, send message another cardinal within cell	7	5	5							rhythmic caterpillar	0110001000100110100110110001001111111001011101100010001010000100
1659	176	28	41	Terminal	a = value	7	4	1	0.825638							
1660	176	29	41	Local Anchor	register a local jump-to destination	1	3	2							disastrous elephant	0000101000001100101111101111100101011011011110110110110001100111
1661	176	30	41	Read Own State	a = state	4	4	5			IsParentGroupOf	0	IsParentGroupOf[0]			
1662	176	31	41	Multiply Own State	state *= a	5	3	7			SpawnRequest	0	SpawnRequest[0]			
1663	176	32	41	Terminal	a = value	2	0	7	3.35585							
1664	176	33	41	Not Equal	a = (b != c)	6	1	2								
1665	176	34	41	Local Anchor	register a local jump-to destination	5	0	7							intent locifera	0111111011110000111010010000010100101000001110110001100101000100
1666	176	35	41	Send Intra-Cell Message	if a, send message another cardinal within cell	7	0	5							hard seagull	0110001011001011000011001010100001011011001111000101110110001111
1667	176	36	41	Decay Secondary Global Regulator	decay global regulator value by register a	2	3	7						1	excited stag	1101010101101110110011100010111001110000011011111100100001100111
1668	176	37	41	Draw Random Value	a = weighted draw from random number generator	2	3	7								
1669	176	38	41	Decrement	a = a - 1	3	2	3								
1670	176	39	41	Terminal	a = value	2	1	4	9.54632							
1671	176	40	41	Bitwise And	a = b \& c	0	6	0								
1672	177	0	20	Global Anchor	register a global jump-to destination, maybe terminate	6	1	4							official pollan	1011110001010110110001111100100101000101011010011000110101010111
1673	177	1	20	Bitwise And	a = b \& c	4	0	4								
1674	177	2	20	Terminal	a = value	6	1	6	-0.858233							
1675	177	3	20	Decay Secondary Global Regulator	decay global regulator value by register a	2	1	4						1	melancholy gnat	1011110001010110110001111100100101000101011010001000010101010111
1676	177	4	20	Bitwise And	a = b \& c	0	6	4								
1677	177	5	20	Draw Random Value	a = weighted draw from random number generator	6	1	5								
1678	177	6	20	Bitwise And	a = b \& c	4	2	4								
1679	177	7	20	Decay Secondary Global Regulator	decay global regulator value by register a	1	4	7						1	amicable fairy	1010010110111101101010111111000100001111010111111111010110011010
1680	177	8	20	Bitwise And	a = b \& c	4	0	4								
1681	177	9	20	Terminal	a = value	6	1	6	-0.858233							
1682	177	10	20	Decay Secondary Global Regulator	decay global regulator value by register a	2	1	4						1	gabby donkey	1011110001010110110001111100100101010101011010001000010101010111
1683	177	11	20	Bitwise And	a = b \& c	0	6	6								
1684	177	12	20	Set Secondary Global Regulator	set global regulator value to a	6	1	5						1	unsightly bulbul	1011110001010111010001111100100101010101011010011000010101010111
1685	177	13	20	Bitwise And	a = b \& c	4	2	4								
1686	177	14	20	Terminal	a = value	1	4	7	0.290945							
1687	177	15	20	Read Own State	a = state	5	5	4			NeighborFragmented	0	NeighborFragmented[0]			
1688	177	16	20	Decay Secondary Global Regulator	decay global regulator value by register a	6	1	6						1	concerned spider	0001001000100101011010110001101011110010110001110010011010110100
1689	177	17	20	Terminal	a = value	5	1	0	-2.20725							
1690	177	18	20	Read Own State	a = state	0	2	1			NumKnownQuorumBits	1	NumKnownQuorumBits[1]			
1691	177	19	20	Terminal	a = value	7	7	6	-0.241979							
1692	178	0	10	Global Anchor	register a global jump-to destination, maybe terminate	1	3	0							popular magpie	1111010000111111011000100011000110100111000111110000000001100010
1693	178	1	10	Terminal	a = value	1	2	0	0.408177							
1694	178	2	10	Less Than	a = ( b < c )	2	6	2								
1695	178	3	10	Local Anchor	register a local jump-to destination	4	7	4							groovy duck	1111001111010011000000111100001100110010011010100101100100110001
1696	178	4	10	Send Inter-Cell Message	if a, send message to neighbor cell	5	4	3							guarded quagga	1010111000001110100101110000000101010110101011101010110011100011
1697	178	5	10	Decay Local Regulator	decay local regulator value by register a	3	7	0							remarkable crossbill	0010001001110110010011010100101111010001110111000111100101000100
1698	178	6	10	Terminal	a = value	7	0	5	0.882176							
1699	178	7	10	Nop-2	perform no operation	1	5	4								
1700	178	8	10	Local Jump If	if a, goto tag match local anchor	2	6	2							nonstop budgrerigar	1100101111001010001111000011111001110001110011010110111110000010
1701	178	9	10	Terminal	a = value	1	2	0	0.470562							
1702	179	0	19	Global Anchor	register a global jump-to destination, maybe terminate	2	6	2							toothsome guanaco	1101010011101010100011000000001010110101110100001001100010101011
1703	179	1	19	Local Anchor	register a local jump-to destination	4	5	0							alienated hornbill	1111001111010011001010111100001100111010010010100101100100110000
1704	179	2	19	Read Neighbor State	a = state	5	4	3			KinGroupIDAncestorView	1	KinGroupIDAncestorView[1]			
1705	179	3	19	Local Jump If	if a, goto tag match local anchor	2	6	6							juvenile pinscher	1000101111001000000111000011111011110001110011010110111110010010
1706	179	4	19	Local Anchor	register a local jump-to destination	0	6	7							trained snakes	1100101011001010010101000011001010110111111010101011011111010010
1707	179	5	19	Modulo	a = b \% c	3	0	6								
1708	179	6	19	Terminal	a = value	7	7	7	-0.241002							
1709	179	7	19	Terminal	a = value	6	5	7	0.134555							
1710	179	8	19	Add	a = b + c	5	4	6								
1711	179	9	19	Logical Or	a = b \textbar{}\textbar{} c	3	4	6								
1712	179	10	19	Write Own State	if b, state = a	4	7	4			TransientNopState	0	TransientNopState[0]			
1713	179	11	19	Logical Or	a = b \textbar{}\textbar{} c	4	0	7								
1714	179	12	19	Terminal	a = value	3	1	0	0.852688							
1715	179	13	19	Terminal	a = value	3	3	0	0.851711							
1716	179	14	19	Logical Or	a = b \textbar{}\textbar{} c	4	0	7								
1717	179	15	19	Terminal	a = value	3	1	0	0.852932							
1718	179	16	19	Terminal	a = value	3	3	0	0.851711							
1719	179	17	19	Terminal	a = value	5	3	2	0.934728							
1720	179	18	19	Decay Global Regulator	decay global regulator value by register a	5	7	4						0	abiding ragdoll	1111011010100100110101000001011110000100110001000000111101110001
1721	180	0	21	Global Anchor	register a global jump-to destination, maybe terminate	3	3	4							moaning porpoise	1101001000010001010011110111011110001110110010011101000010101101
1722	180	1	21	Local Anchor	register a local jump-to destination	5	2	6							genuine roborovski	0000101101001101101011000110100011001010011111100001010001000110
1723	180	2	21	Send Intra-Cell Message	if a, send message another cardinal within cell	2	1	6							evasive hawk	1010101101010011010001110010101011011111010010010001111011110000
1724	180	3	21	Less Than	a = ( b < c )	2	4	3								
1725	180	4	21	Generate Random Bool	if p, a = 1; else a = 0	4	5	4		0.232569						
1726	180	5	21	Decay Secondary Global Regulator	decay global regulator value by register a	7	5	7						1	unthinking thrip	1110000100100100000110110000000111111110011110000110001010100000
1727	180	6	21	Local Anchor	register a local jump-to destination	2	4	1							harmless waterbuck	0011100101100011011101011011010010011011011001111101110010000011
1728	180	7	21	Decay Secondary Global Regulator	decay global regulator value by register a	1	3	4						1	animated aardvark	1001000011101101100111111111000000001111010100010100011011000011
1729	180	8	21	Local Anchor	register a local jump-to destination	6	4	7							squeaky toco	1100100101111110101101110101010110010110100111010000101111111001
1730	180	9	21	Generate Random Bool	if p, a = 1; else a = 0	6	2	4		0.889394						
1731	180	10	21	Bitwise Shift	a = b << c	6	5	7								
1732	180	11	21	Draw Random Value	a = weighted draw from random number generator	2	5	3								
1733	180	12	21	Modulo	a = b \% c	6	2	0								
1734	180	13	21	Terminal	a = value	3	3	2	-30.7864							
1735	180	14	21	Set Global Regulator	set global regulator value to a	7	6	3						0	null potter	0010110011001110100011000110111001000001000110010010111010111010
1736	180	15	21	Logical And	a = b \&\& c	7	2	5								
1737	180	16	21	Generate Random Bool	if p, a = 1; else a = 0	6	6	5		0.084453						
1738	180	17	21	Get Global Regulator	a = global regulator value	3	1	5						0	provocative numbat	1101111011110010000101111110010111011000000011111000010010010111
1739	180	18	21	Logical And	a = b \&\& c	7	2	4								
1740	180	19	21	Terminal	a = value	6	4	5	-0.581094							
1741	180	20	21	Local Anchor	register a local jump-to destination	3	1	1							inferior borer	1101111011110010100101111010010111011000010011101010010110010111
1742	181	0	1	Global Anchor	register a global jump-to destination, maybe terminate	7	1	1							distrustful centipede	1100111011110010000101110110010111001000000011101010010110010111
1743	182	0	10	Global Anchor	register a global jump-to destination, maybe terminate	7	7	3							essential dingo	0110000100100110110010010001110101111111011010000010001111101100
1744	182	1	10	Bitwise Not	a = \textasciitilde{}b	3	0	0								
1745	182	2	10	Terminal	a = value	1	7	4	28.5109							
1746	182	3	10	Logical Or	a = b \textbar{}\textbar{} c	0	2	1								
1747	182	4	10	Read Own State	a = state	6	7	5			IsChildGroupOf	0	IsChildGroupOf[0]			
1748	182	5	10	Read Neighbor State	a = state	4	7	5			IncomingInterMessageCounter	0	IncomingInterMessageCounter[0]			
1749	182	6	10	Generate Random Bool	if p, a = 1; else a = 0	4	5	4		0.119838						
1750	182	7	10	Terminal	a = value	1	6	5	0.934051							
1751	182	8	10	Local Anchor	register a local jump-to destination	1	5	3							ghastly capercaillie	1000011100011011011111100110001000000000011000100111100010010001
1752	182	9	10	Set Local Regulator	set local regulator value to a	2	0	2							flawed badger	1100000011001010000010001000110001110010011111110101110000001011
1753	183	0	4	Global Anchor	register a global jump-to destination, maybe terminate	5	7	5							moldy kangaroo	1000100011111011100001100101000111000000101111000111010111110111
1754	183	1	4	Terminal	a = value	4	5	4	-0.791573							
1755	183	2	4	Terminal	a = value	1	6	4	0.933925							
1756	183	3	4	Generate Random Bool	if p, a = 1; else a = 0	4	5	4		0.119838						
1757	184	0	17	Global Anchor	register a global jump-to destination, maybe terminate	5	7	5							blinding caribou	1000100011111011100001100101000111000000101101000111010111110111
1758	184	1	17	Terminal	a = value	4	5	4	-0.291573							
1759	184	2	17	Terminal	a = value	1	6	4	0.933925							
1760	184	3	17	Local Anchor	register a local jump-to destination	1	5	3							proud humpback	1000011000011110011111100110001100000000011100100111100010010001
1761	184	4	17	Set Local Regulator	set local regulator value to a	2	2	2							substantial kingfisher	1100000011001010000010001010111000110011011111110100110000001011
1762	184	5	17	Send Intra-Cell Message	if a, send message another cardinal within cell	0	7	6							tempting coypu	0011100100101000101111010110001000100111000100001111101010110111
1763	184	6	17	Send Intra-Cell Message	if a, send message another cardinal within cell	2	7	7							delayed mayfly	0011100111100010101001111001111011110000001100010011110010011011
1764	184	7	17	Get Global Regulator	a = global regulator value	7	1	1						0	saucy hog	1101111100010111101100101101101111010110110100011010100110101100
1765	184	8	17	Fork If	if a, submit fork request (processed when core terminates)	2	4	0							fretful gazelle	0110101101011101100110100101111001001011000000110010110101000010
1766	184	9	17	Get Local Regulator	a = local regulator value	5	2	4							crafty ostrich	1000110011111011000001111010010011010000001100101110111000101110
1767	184	10	17	Local Anchor	register a local jump-to destination	5	1	0							frightened goldfish	0100010001111011100111100101000011010101010011110110000100100010
1768	184	11	17	Local Anchor	register a local jump-to destination	7	1	0							auspicious okapi	0010001010100000110101010111010101110111000100000101010110110010
1769	184	12	17	Multiply Own State	state *= a	6	7	6			ResourceSendRequest	0	ResourceSendRequest[0]			
1770	184	13	17	Terminal	a = value	0	0	3	-1.22769							
1771	184	14	17	Write Own State	if b, state = a	0	6	5			ResourceReserveRequest	0	ResourceReserveRequest[0]			
1772	184	15	17	Fork If	if a, submit fork request (processed when core terminates)	2	4	2							vigilant monkey	0111101101011111110110000101111001001010000000111010110101000000
1773	184	16	17	Terminal	a = value	5	2	4	0.101411							
1774	185	0	13	Global Anchor	register a global jump-to destination, maybe terminate	5	1	0							frightened goldfish	0100010001111011100111100101000011010101010011110110000100100010
1775	185	1	13	Local Anchor	register a local jump-to destination	7	1	0							auspicious ringtail	0010001010100000110101010111010101110111000100000101010111110010
1776	185	2	13	Logical Or	a = b \textbar{}\textbar{} c	6	4	0								
1777	185	3	13	Read Own State	a = state	1	7	2			TransientNopState	2	TransientNopState[2]			
1778	185	4	13	Read Neighbor State	a = state	1	6	2			ParentFragmented	0	ParentFragmented[0]			
1779	185	5	13	Get Global Regulator	a = global regulator value	7	6	6						0	incomparable bug	1101101100110110100110110110100000110000010011111100100011010101
1780	185	6	13	Write Own State	if b, state = a	1	2	4			TransientNopState	1	TransientNopState[1]			
1781	185	7	13	Local Anchor	register a local jump-to destination	3	5	4							permissible quail	1100101000110011110000010011000111110111101010110110110110000111
1782	185	8	13	Read Own State	a = state	5	0	7			MostRecentCauseOfDeath	0	MostRecentCauseOfDeath[0]			
1783	185	9	13	Terminal	a = value	2	4	3	-1.22767							
1784	185	10	13	Write Own State	if b, state = a	0	4	5			NopState	3	NopState[3]			
1785	185	11	13	Fork If	if a, submit fork request (processed when core terminates)	2	4	2							dependable tamanduas	0111101101111111110110000101111001101010000000110010000101000000
1786	185	12	13	Get Local Regulator	a = local regulator value	5	2	4							fearless elk	1000111011111011000001111010010011010000001100111110111000101100
1787	186	0	2	Global Anchor	register a global jump-to destination, maybe terminate	5	1	2							supernatural flounder	0100010000111011100111100101000011010101010011010110100100100001
1788	186	1	2	Not	a = !a	2	0	4								
1789	187	0	8	Global Anchor	register a global jump-to destination, maybe terminate	7	7	2							false shrew	1000000001001000000101011001100100101110011110010010111000101000
1790	187	1	8	Get Global Regulator	a = global regulator value	7	7	0						0	tinted beetle	0001100100111111001111011111111101110001011000001000010101110100
1791	187	2	8	Get Global Regulator	a = global regulator value	5	3	1						0	unselfish ringtail	0101010011000000000001111011001001101000101100100000011000011100
1792	187	3	8	Decay Global Regulator	decay global regulator value by register a	3	0	0						0	testy coot	1000011100001000110000001010011111111001010101011010110111110100
1793	187	4	8	Local Jump If	if a, goto tag match local anchor	6	1	5							efficacious dobermann	1011000111001110001000111111110011100110111010011001011001010101
1794	187	5	8	Add To Own State	state += a	6	5	3			TransientNopState	0	TransientNopState[0]			
1795	187	6	8	Local Jump If	if a, goto tag match local anchor	6	1	5							low osprey	1011000111001010001000111111110011100100111110011001011001000101
1796	187	7	8	Read Own State	a = state	6	5	3			IsChildCellOf	0	IsChildCellOf[0]			
1797	188	0	16	Global Anchor	register a global jump-to destination, maybe terminate	5	3	1							secret darter	0110110100101010101011000000111101110011010111011001100101100110
1798	188	1	16	Send Inter-Cell Message	if a, send message to neighbor cell	2	6	4							hardheaded louse	0001101110111011100100011010011010011100001011010010000101101110
1799	188	2	16	Generate Random Bool	if p, a = 1; else a = 0	1	3	6		0.46851						
1800	188	3	16	Read Own State	a = state	3	1	3			ResourceSendLimit	0	ResourceSendLimit[0]			
1801	188	4	16	Read Own State	a = state	5	3	7			KinGroupIDView	1	KinGroupIDView[1]			
1802	188	5	16	Nop-2	perform no operation	6	5	5								
1803	188	6	16	Generate Random Bool	if p, a = 1; else a = 0	6	7	7		0.563926						
1804	188	7	16	Get Local Regulator	a = local regulator value	7	3	3							distant civet	1000111100010010101110001001100001010001100001010110111011100000
1805	188	8	16	Terminal	a = value	4	1	0	-0.391305							
1806	188	9	16	Terminate If	if a, terminate core	1	4	1								
1807	188	10	16	Logical And	a = b \&\& c	6	7	6								
1808	188	11	16	Local Jump If	if a, goto tag match local anchor	3	2	4							cultured rotifer	0010010000010001110110110001010100101001111101101110110110010111
1809	188	12	16	Terminal	a = value	5	7	7	-11.8496							
1810	188	13	16	Logical And	a = b \&\& c	6	7	2								
1811	188	14	16	Local Anchor	register a local jump-to destination	3	3	5							concrete louse	0010010001010001110110010001010100101011111101101110110110010111
1812	188	15	16	Less Than	a = ( b < c )	5	6	3								
1813	189	0	7	Global Anchor	register a global jump-to destination, maybe terminate	6	7	3							pokey chiton	1100101101100001000001010010110001110101001111011001010000000001
1814	189	1	7	Bitwise Not	a = \textasciitilde{}b	5	7	7								
1815	189	2	7	Read Own State	a = state	6	7	4			NopState	3	NopState[3]			
1816	189	3	7	Local Anchor	register a local jump-to destination	3	2	0							faith grasshopper	1010010000000001110110110011010100101001111101101110110110010111
1817	189	4	7	Get Local Regulator	a = local regulator value	5	7	6							snooping elk	0100011111111010110111101010000101110010110000011100011111101001
1818	189	5	7	Read Own State	a = state	2	7	4			SpawnedFrom	0	SpawnedFrom[0]			
1819	189	6	7	Local Anchor	register a local jump-to destination	3	3	5							unfolded warbler	0010010100000001110010110001010100101011111101101110110110010101
1820	190	0	3	Global Anchor	register a global jump-to destination, maybe terminate	3	6	0							furtive beetle	1010110001100111000011111001000011110111100110100101110010000010
1821	190	1	3	Local Anchor	register a local jump-to destination	0	5	3							colorful peccary	0100111001111111100100011100110000000101010000011001101000100011
1822	190	2	3	Terminate If	if a, terminate core	7	3	6								
1823	191	0	7	Global Anchor	register a global jump-to destination, maybe terminate	5	0	0							foregoing mayfly	0111100110001010001100000010000100101111101011111110011111101011
1824	191	1	7	Send Intra-Cell Message	if a, send message another cardinal within cell	6	0	3							spurious pike	1101000100010010110010111110100101110110001101100000100010011010
1825	191	2	7	Terminate If	if a, terminate core	2	6	5								
1826	191	3	7	Divide	a = b / c	2	1	5								
1827	191	4	7	Terminal	a = value	3	6	0	0.346903							
1828	191	5	7	Divide	a = b / c	2	3	5								
1829	191	6	7	Terminal	a = value	3	6	0	0.346903							
1830	192	0	2	Global Anchor	register a global jump-to destination, maybe terminate	3	2	0							remorseful stingray	1011100001100110000011111001100011100111101111001100110001010010
1831	192	1	2	Logical Or	a = b \textbar{}\textbar{} c	2	5	3								
1832	193	0	6	Global Anchor	register a global jump-to destination, maybe terminate	0	6	4							virtual stork	1010000000000101111110110101000111010010001101011101000111101101
1833	193	1	6	Local Anchor	register a local jump-to destination	1	7	5							remarkable salmon	1110010111110000011110011000101101010111011100011110100001000011
1834	193	2	6	Decay Global Regulator	decay global regulator value by register a	7	4	3						0	dependent yacare	0011001011000100000110111010001010101010011111101101010100110011
1835	193	3	6	Not	a = !a	4	5	3								
1836	193	4	6	Local Anchor	register a local jump-to destination	0	4	4							craven locifera	1010000100000101011110110101000111000010001101011101000111001101
1837	193	5	6	Decay Secondary Global Regulator	decay global regulator value by register a	3	2	0						1	calculating wallaby	1011100001100110001011111001000011100011101011101100110001010010
1838	194	0	3	Global Anchor	register a global jump-to destination, maybe terminate	2	4	2							vulgar giraffe	1001010011001100010101110010000100110111010011011111101110100000
1839	194	1	3	Local Anchor	register a local jump-to destination	4	2	1							dense chimpanzee	0011110100101111110110100101010111001100100010101101011100110001
1840	194	2	3	Multiply Own State	state *= a	4	5	5			ResourceReceiveResistance	0	ResourceReceiveResistance[0]			
1841	195	0	6	Global Anchor	register a global jump-to destination, maybe terminate	3	5	1							excited boa	0100010011110010101101001111111000000100110011011100011111100011
1842	195	1	6	Terminal	a = value	6	6	6	0.0104148							
1843	195	2	6	Terminal	a = value	6	7	1	0.0479729							
1844	195	3	6	Terminal	a = value	0	5	3	368.507							
1845	195	4	6	Terminal	a = value	3	5	4	-168145							
1846	195	5	6	Modulo	a = b \% c	2	5	3								
1847	196	0	7	Global Anchor	register a global jump-to destination, maybe terminate	0	6	4							jumbo titi	1010000100000101111110110101000111010010001101011101000110101100
1848	196	1	7	Local Anchor	register a local jump-to destination	1	7	5							rambunctious cuckoo	1110010111110000011110011000101101010111011100011010100001000011
1849	196	2	7	Read Own State	a = state	7	3	1			KinGroupMatch	1	KinGroupMatch[1]			
1850	196	3	7	Send Intra-Cell Message	if a, send message another cardinal within cell	7	0	3							sour genet	0111001010110011000000011101111001010011010101111001110100000010
1851	196	4	7	Read Neighbor State	a = state	3	1	4			KinGroupIDView	1	KinGroupIDView[1]			
1852	196	5	7	Local Anchor	register a local jump-to destination	5	2	3							wise woylie	0001011110010101011111110111110100000001001101000001001001011100
1853	196	6	7	Global Jump If Not	if !a, goto global anchor; if !b, clear registers	3	7	4							wretched tayra	1011111001011101101111011010101000011101111100010101000100000010
1854	197	0	2	Global Anchor	register a global jump-to destination, maybe terminate	0	6	4							jumpy badger	1010000100000101111110110101000111010010001101011101000111101101
1855	197	1	2	Local Anchor	register a local jump-to destination	1	7	5							logical racoon	1100010111110000011110011000101101010111011100011010100001000011
1856	198	0	1	Global Anchor	register a global jump-to destination, maybe terminate	6	3	7							utter chiton	1100001000100001110100000100100000111111001101001110100110100111
1857	199	0	13	Global Anchor	register a global jump-to destination, maybe terminate	0	6	4							persnickety oryx	1000010011111100101011111000111000110010111010010001011001111000
1858	199	1	13	Local Anchor	register a local jump-to destination	3	2	5							corny chickadee	1011110111001011001111000100101001110111110100010101110101011000
1859	199	2	13	Local Anchor	register a local jump-to destination	0	5	0							needy batfish	0011100111111001001011101010010110101101011011011101110000101100
1860	199	3	13	Local Anchor	register a local jump-to destination	0	3	7							torpid piranha	1001000011101000110000000000100100010001011110000001000100000111
1861	199	4	13	Read Own State	a = state	7	3	1			KinGroupMatch	1	KinGroupMatch[1]			
1862	199	5	13	Read Own State	a = state	7	0	3			KinGroupAge	0	KinGroupAge[0]			
1863	199	6	13	Read Neighbor State	a = state	3	1	0			ResourceSendRequest	0	ResourceSendRequest[0]			
1864	199	7	13	Local Anchor	register a local jump-to destination	5	2	1							wiry weevil	0001011110010101011111110111110100000001001101000001000001011100
1865	199	8	13	Decay Global Regulator	decay global regulator value by register a	3	7	4						0	writhing anemone	1011111001011101101111011010101000011101111100010101000101000010
1866	199	9	13	Count Ones	a = popcnt( b )	3	2	4								
1867	199	10	13	Bitwise Or	a = b \textbar{} c	2	1	3								
1868	199	11	13	Terminal	a = value	2	6	2	8.97414							
1869	199	12	13	Terminal	a = value	3	7	1	7.11963							
1870	200	0	4	Global Anchor	register a global jump-to destination, maybe terminate	5	2	1							purple flea	0001011110010100011011110111111110000000001101000001001001011100
1871	200	1	4	Decay Global Regulator	decay global regulator value by register a	3	7	4						0	thunderous guppy	1011111001011101100111011010101100011101101100010101000100100010
1872	200	2	4	Bitwise Shift	a = b << c	3	2	4								
1873	200	3	4	Bitwise Xor	a = b \textasciicircum{} c	6	3	3								
1874	201	0	8	Global Anchor	register a global jump-to destination, maybe terminate	2	6	2							dead manx	1011110110011100010101001010011000000000000001001000000001010001
1875	201	1	8	Terminal	a = value	1	7	1	2.19202							
1876	201	2	8	Bitwise Not	a = \textasciitilde{}b	4	2	3								
1877	201	3	8	Terminal	a = value	3	7	1	7.12089							
1878	201	4	8	Read Neighbor State	a = state	5	2	1			KinGroupIDAncestorView	0	KinGroupIDAncestorView[0]			
1879	201	5	8	Decay Global Regulator	decay global regulator value by register a	3	7	4						0	billowy flatworm	1011111001011101100111011010101000011101101000010101000100000010
1880	201	6	8	Bitwise Shift	a = b << c	3	2	4								
1881	201	7	8	Bitwise Or	a = b \textbar{} c	6	3	3								
1882	202	0	4	Global Anchor	register a global jump-to destination, maybe terminate	2	6	2							deceitful centipede	1011110110011100010101001011010000000001000001001000000001010001
1883	202	1	4	Terminal	a = value	1	7	1	7.11963							
1884	202	2	4	Bitwise Not	a = \textasciitilde{}b	5	2	3								
1885	202	3	4	Get Local Regulator	a = local regulator value	3	5	3							maddening curlew	1011011010000111110111011010101001110000011010011001110111001011
1886	203	0	14	Global Anchor	register a global jump-to destination, maybe terminate	5	2	1							momentous kiwi	0001011110010100011011110111111100000001001101000001001001111100
1887	203	1	14	Terminal	a = value	2	7	4	0.487232							
1888	203	2	14	Count Ones	a = popcnt( b )	3	0	0								
1889	203	3	14	Terminal	a = value	2	7	4	0.486988							
1890	203	4	14	Subtract	a = b - c	3	0	4								
1891	203	5	14	Bitwise Or	a = b \textbar{} c	2	1	3								
1892	203	6	14	Local Anchor	register a local jump-to destination	3	6	1							towering stink	0100001010000000001111110011001101110010001010110100100000111001
1893	203	7	14	Send Intra-Cell Message	if a, send message another cardinal within cell	2	6	1							ubiquitous wallaby	1011110110011100010101001011011010100001000001001000100001010101
1894	203	8	14	Local Anchor	register a local jump-to destination	3	7	1							snazzy mosquito	1100001010001001001111111011001101110010001010110100100001111001
1895	203	9	14	Bitwise Not	a = \textasciitilde{}b	4	2	3								
1896	203	10	14	Terminal	a = value	3	1	3	8.58029							
1897	203	11	14	Bitwise Or	a = b \textbar{} c	7	3	4								
1898	203	12	14	Bitwise Xor	a = b \textasciicircum{} c	0	7	6								
1899	203	13	14	Get Global Regulator	a = global regulator value	5	5	1						0	murky porcupine	1010001101011000010110011000110011001011101001010000011011011110
1900	204	0	7	Global Anchor	register a global jump-to destination, maybe terminate	5	2	7							measly iguana	1001110001011100001010110001011101001010111111101000011101010010
1901	204	1	7	Add	a = b + c	6	1	6								
1902	204	2	7	Nop-2	perform no operation	5	7	7								
1903	204	3	7	Terminal	a = value	5	6	3	-0.453247							
1904	204	4	7	Bitwise Not	a = \textasciitilde{}b	6	3	1								
1905	204	5	7	Get Global Regulator	a = global regulator value	2	1	5						0	garrulous tamarin	0000011111110000001001010011011000000011000000111010011010100111
1906	204	6	7	Modulo	a = b \% c	0	7	1								
1907	205	0	17	Global Anchor	register a global jump-to destination, maybe terminate	5	2	7							measly iguana	1001110001011100001010110001011101001010111111101000011101010010
1908	205	1	17	Add	a = b + c	6	1	6								
1909	205	2	17	Nop-2	perform no operation	5	7	7								
1910	205	3	17	Terminal	a = value	5	6	3	-0.453247							
1911	205	4	17	Bitwise Not	a = \textasciitilde{}b	6	3	1								
1912	205	5	17	Get Global Regulator	a = global regulator value	2	1	5						0	garrulous tamarin	0000011111110000001001010011011000000011000000111010011010100111
1913	205	6	17	Modulo	a = b \% c	0	7	1								
1914	205	7	17	Local Anchor	register a local jump-to destination	5	5	3							excellent stoat	1110001000011001000110011000111010001011100101010000011011111110
1915	205	8	17	Local Anchor	register a local jump-to destination	5	3	1							extroverted armadillo	1100110010000100101011100010010110111001100000100011110110011100
1916	205	9	17	Bitwise Xor	a = b \textasciicircum{} c	2	7	6								
1917	205	10	17	Logical And	a = b \&\& c	7	3	1								
1918	205	11	17	Bitwise Or	a = b \textbar{} c	5	5	3								
1919	205	12	17	Logical Or	a = b \textbar{}\textbar{} c	5	7	1								
1920	205	13	17	Bitwise Xor	a = b \textasciicircum{} c	2	7	6								
1921	205	14	17	Get Global Regulator	a = global regulator value	5	5	1						0	villainous flycatcher	1110001101001000000110011100110011001011101001110000011011111110
1922	205	15	17	Get Global Regulator	a = global regulator value	5	5	1						0	giddy coot	1110001101011000000110011000110011000011100001010000010011111110
1923	205	16	17	Logical Or	a = b \textbar{}\textbar{} c	0	0	3								
1924	206	0	1	Global Anchor	register a global jump-to destination, maybe terminate	0	6	4							crisp guppy	1011010100010101111110000110000111010110001001011101100111000101
1925	207	0	3	Global Anchor	register a global jump-to destination, maybe terminate	0	6	4							stunning phascogale	1011010100010101111110000100000111010100001001011101100111000101
1926	207	1	3	Bitwise Xor	a = b \textasciicircum{} c	4	4	2								
1927	207	2	3	Read Neighbor State	a = state	2	6	5			NeighborKinGroupWillExpire	1	NeighborKinGroupWillExpire[1]			
1928	208	0	6	Global Anchor	register a global jump-to destination, maybe terminate	6	7	7							adored hog	0000010100011111100000001101000010010010101111111100001110111110
1929	208	1	6	Draw Random Value	a = weighted draw from random number generator	4	5	5								
1930	208	2	6	Bitwise Not	a = \textasciitilde{}b	6	6	4								
1931	208	3	6	Terminal	a = value	3	0	1	-1.23276							
1932	208	4	6	Decay Global Regulator	decay global regulator value by register a	3	4	1						0	humble possum	0100001100100000010100011000010000111001001000010101111000011100
1933	208	5	6	Logical Or	a = b \textbar{}\textbar{} c	6	5	4								
1934	209	0	7	Global Anchor	register a global jump-to destination, maybe terminate	3	1	4							forceful terrier	0111011010011000000100011101110010110001000110101101000011101001
1935	209	1	7	Adjust Global Regulator	adjust global regulator value by a	1	6	3						0	clammy caimans	1000011111110010101001111010010111111010011000010010101101010010
1936	209	2	7	Local Anchor	register a local jump-to destination	5	1	3							direful chipmunk	1001000011010011000010100101011010010011001101110111000100101111
1937	209	3	7	Draw Random Value	a = weighted draw from random number generator	2	4	1								
1938	209	4	7	Get Global Regulator	a = global regulator value	3	7	3						0	lovable emu	1011110111010000001001100011111101111110101001100101011111111011
1939	209	5	7	Terminate If	if a, terminate core	2	3	3								
1940	209	6	7	Read Neighbor State	a = state	3	7	2			KinGroupAge	1	KinGroupAge[1]			
1941	210	0	11	Global Anchor	register a global jump-to destination, maybe terminate	2	2	4							giddy flea	1000001001101111001001100110110001010100010111001001100010100110
1942	210	1	11	Read Own State	a = state	1	4	6			RepLevRequest	0	RepLevRequest[0]			
1943	210	2	11	Local Anchor	register a local jump-to destination	6	3	6							traumatic stink	0011001000100010111110000011100111100100001101100011100001011100
1944	210	3	11	Bitwise And	a = b \& c	1	6	2								
1945	210	4	11	Not Equal	a = (b != c)	7	4	0								
1946	210	5	11	Local Anchor	register a local jump-to destination	4	4	0							decorous albatross	0001101101100001000010100110111001110100000011010110010001100010
1947	210	6	11	Add To Own State	state += a	7	5	5			ResourceReserveRequest	0	ResourceReserveRequest[0]			
1948	210	7	11	Subtract	a = b - c	3	6	0								
1949	210	8	11	Multiply Own State	state *= a	7	5	5			ResourceReserveRequest	0	ResourceReserveRequest[0]			
1950	210	9	11	Subtract	a = b - c	3	6	0								
1951	210	10	11	Not Equal	a = (b != c)	1	0	1								
1952	211	0	2	Global Anchor	register a global jump-to destination, maybe terminate	0	7	5							terrific bettong	1010000100010101111110010100000011010110001001011101101110000100
1953	211	1	2	Decay Secondary Global Regulator	decay global regulator value by register a	2	6	5						1	humiliating trout	1010011001100010000101101000110111101001011010011010010111110001
1954	212	0	4	Global Anchor	register a global jump-to destination, maybe terminate	0	7	5							apprehensive partridge	1101110100001100011111011111101100101000100100111101000111111010
1955	212	1	4	Terminal	a = value	4	7	6	-1.68841							
1956	212	2	4	Less Than	a = ( b < c )	1	4	3								
1957	212	3	4	Read Own State	a = state	1	0	1			IncomingInterMessageCounter	0	IncomingInterMessageCounter[0]			
1958	213	0	2	Global Anchor	register a global jump-to destination, maybe terminate	4	3	4							bald corncrake	0001010010100001100010000011011000001100100011110101000010001001
1959	213	1	2	Terminal	a = value	4	1	3	-0.885759							
1960	214	0	21	Global Anchor	register a global jump-to destination, maybe terminate	4	1	3							smug camels	0000111010001111000011101100111110010110011101100001101111110100
1961	214	1	21	Terminal	a = value	6	4	6	-0.30155							
1962	214	2	21	Terminal	a = value	7	1	7	11.5699							
1963	214	3	21	Read Own State	a = state	6	6	5			IsParentCellOf	0	IsParentCellOf[0]			
1964	214	4	21	Less Than	a = ( b < c )	2	6	5								
1965	214	5	21	Read Own State	a = state	7	7	1			RepLevRequest	1	RepLevRequest[1]			
1966	214	6	21	Greater Than	a = ( b > c )	2	6	5								
1967	214	7	21	Send Inter-Cell Message	if a, send message to neighbor cell	5	1	3							unhealthy slug	0011111111101101000001000110001110101010101010100011000101100000
1968	214	8	21	Read Own State	a = state	2	6	2			NeighborApoptosis	0	NeighborApoptosis[0]			
1969	214	9	21	Local Anchor	register a local jump-to destination	2	6	5							distinct shad	0010010110101110111010000000101001100011110100110000000110100101
1970	214	10	21	Logical And	a = b \&\& c	1	2	4								
1971	214	11	21	Terminal	a = value	3	2	1	-12.6989							
1972	214	12	21	Write Own State	if b, state = a	6	1	1			NopState	1	NopState[1]			
1973	214	13	21	Adjust Local Regulator	adjust local regulator value by a	3	4	5							wise armadillo	1110111110111000101100101001011111011110001000111101011000101101
1974	214	14	21	Local Jump If	if a, goto tag match local anchor	7	3	0							organic beagle	1001001001011111000001001011011100111011001110100110110001000100
1975	214	15	21	Terminal	a = value	5	4	0	-0.790204							
1976	214	16	21	Terminal	a = value	6	3	1	-0.0163396							
1977	214	17	21	Not Equal	a = (b != c)	5	3	0								
1978	214	18	21	Generate Random Bool	if p, a = 1; else a = 0	5	3	0		0.138526						
1979	214	19	21	Terminal	a = value	4	6	7	292.184							
1980	214	20	21	Nop-2	perform no operation	4	2	1								
1981	215	0	1	Global Anchor	register a global jump-to destination, maybe terminate	2	1	0							spastic horseshoe	1011110111001011011000010010010000110001100100101011110010000111
1982	216	0	1	Global Anchor	register a global jump-to destination, maybe terminate	4	2	4							imperturbable budgrerigar	1000001111110101001101101110111101010100100100000001000011011001
1983	217	0	5	Global Anchor	register a global jump-to destination, maybe terminate	4	4	7							sensitive leopard	1010001010010001101111111111110101011100001111110110111011111101
1984	217	1	5	Terminal	a = value	6	3	4	2746.07							
1985	217	2	5	Add To Own State	state += a	5	2	7			RepLevRequest	0	RepLevRequest[0]			
1986	217	3	5	Terminal	a = value	2	7	0	-76.7227							
1987	217	4	5	Terminal	a = value	2	2	7	0.221822							
1988	218	0	7	Global Anchor	register a global jump-to destination, maybe terminate	4	4	7							heartbreaking caimans	1010001010000001101111111111110101011100001111110110111011111101
1989	218	1	7	Terminal	a = value	4	3	6	2746.07							
1990	218	2	7	Add To Own State	state += a	5	2	7			RepLevRequest	0	RepLevRequest[0]			
1991	218	3	7	Terminal	a = value	2	7	0	-76.7227							
1992	218	4	7	Terminal	a = value	2	2	7	-0.778178							
1993	218	5	7	Terminal	a = value	1	6	7	-3.13266							
1994	218	6	7	Terminal	a = value	1	4	1	0.819635							
1995	219	0	29	Global Anchor	register a global jump-to destination, maybe terminate	5	3	7							refined rottweiler	1001101110101111011111001111100010100000001100000101101111110000
1996	219	1	29	Write Own State	if b, state = a	4	3	6			ResourceReceiveResistance	0	ResourceReceiveResistance[0]			
1997	219	2	29	Greater Than	a = ( b > c )	2	6	5								
1998	219	3	29	Write Own State	if b, state = a	6	1	1			NopState	1	NopState[1]			
1999	219	4	29	Terminal	a = value	6	6	3	-31.6452							
2000	219	5	29	Local Anchor	register a local jump-to destination	6	2	2							granular hog	1101111111100010011010101010111010010111000010011101011111000010
2001	219	6	29	Terminal	a = value	0	3	7	-1.57359							
2002	219	7	29	Generate Random Bool	if p, a = 1; else a = 0	4	6	6		0.791911						
2003	219	8	29	Negate	a = -a	2	7	5								
2004	219	9	29	Local Jump If	if a, goto tag match local anchor	3	5	2							anchored periwinkle	0001100000111101110000110111010100010111001110000001100010010000
2005	219	10	29	Not Equal	a = (b != c)	6	6	2								
2006	219	11	29	Local Anchor	register a local jump-to destination	0	0	6							beefy lemming	0010101100111011101100110100111101001011010010100111111101001100
2007	219	12	29	Local Jump If	if a, goto tag match local anchor	3	5	3							anchored periwinkle	0001100000111101110000110111010100010111001110000001100010010000
2008	219	13	29	Read Neighbor State	a = state	3	5	0			NeighborIsNewborn	0	NeighborIsNewborn[0]			
2009	219	14	29	Get Local Regulator	a = local regulator value	3	1	0							rabid coypu	0100011000100110000010001010000110011011110111000010010011111000
2010	219	15	29	Send Inter-Cell Message	if a, send message to neighbor cell	6	6	2							efficient cuckoo	0110011101010010110000011001000001011111110000010000001110000110
2011	219	16	29	Terminal	a = value	0	0	6	-0.631959							
2012	219	17	29	Local Anchor	register a local jump-to destination	4	7	5							earthy curlew	1110111100111100111111111101100111111110010100111101011001100010
2013	219	18	29	RandomFill	fill a with uniformly-distributed random bits	3	5	1								
2014	219	19	29	Local Anchor	register a local jump-to destination	3	2	7							fluttering copperhead	1011110000100111100000100111001011011110011101110010111001111011
2015	219	20	29	Terminal	a = value	3	3	2	-0.809985							
2016	219	21	29	Bitwise And	a = b \& c	5	5	1								
2017	219	22	29	Read Own State	a = state	4	3	1			IncomingInterMessageCounter	0	IncomingInterMessageCounter[0]			
2018	219	23	29	Local Anchor	register a local jump-to destination	4	7	5							earthy curlew	1110111100111100111111111101100111111110010100111101011001100010
2019	219	24	29	RandomFill	fill a with uniformly-distributed random bits	3	5	0								
2020	219	25	29	Local Anchor	register a local jump-to destination	3	2	7							fluttering copperhead	1011110000100111100000100111001011011110011101110010111001111011
2021	219	26	29	Terminal	a = value	1	3	2	-0.809985							
2022	219	27	29	Bitwise And	a = b \& c	5	5	3								
2023	219	28	29	Read Own State	a = state	4	3	1			IncomingInterMessageCounter	0	IncomingInterMessageCounter[0]			
2024	220	0	3	Global Anchor	register a global jump-to destination, maybe terminate	4	7	7							endurable rock	0010001110011001010001110000011100100101111010010001110011010000
2025	220	1	3	Nop-2	perform no operation	0	0	1								
2026	220	2	3	Add	a = b + c	3	7	4								
2027	221	0	3	Global Anchor	register a global jump-to destination, maybe terminate	4	2	3							credal civet	0010101010110110101100111010010101111101111100110010100000100110
2028	221	1	3	Write Own State	if b, state = a	3	0	4			RepLevRequest	1	RepLevRequest[1]			
2029	221	2	3	Read Own State	a = state	0	2	7			IsNewborn	0	IsNewborn[0]			
2030	222	0	3	Global Anchor	register a global jump-to destination, maybe terminate	0	2	4							filthy stork	0101011001000000110101001111111101001101111001000100100100010001
2031	222	1	3	Read Own State	a = state	1	1	4			SpawnArrest	0	SpawnArrest[0]			
2032	222	2	3	Local Anchor	register a local jump-to destination	6	0	7							rhythmic meerkat	1001100110001101000000010011010000001101000000101101111011101101
2033	223	0	6	Global Anchor	register a global jump-to destination, maybe terminate	4	2	3							ultra lemur	0010101000110110001100111010010101111101111100110010100000100110
2034	223	1	6	Write Own State	if b, state = a	3	0	4			TransientNopState	3	TransientNopState[3]			
2035	223	2	6	Read Own State	a = state	4	2	7			NopState	3	NopState[3]			
2036	223	3	6	Read Own State	a = state	0	2	4			TransientNopState	3	TransientNopState[3]			
2037	223	4	6	Read Own State	a = state	1	1	4			IsParentGroupOf	1	IsParentGroupOf[1]			
2038	223	5	6	Local Anchor	register a local jump-to destination	6	0	7							nutty weasel	1001100110001101000000010011010000001101000000001101111011101101
2039	224	0	8	Global Anchor	register a global jump-to destination, maybe terminate	4	2	3							handsome platypus	0010101000110110001100111110010101111101111100110010101000100111
2040	224	1	8	Write Own State	if b, state = a	3	0	4			ResourceSendRequest	0	ResourceSendRequest[0]			
2041	224	2	8	Local Anchor	register a local jump-to destination	1	2	4							tremendous cuckoo	0010100110110011001100101110000011001001101010110001100011111100
2042	224	3	8	Write Own State	if b, state = a	3	0	4			TransientNopState	3	TransientNopState[3]			
2043	224	4	8	Read Own State	a = state	4	2	7			NopState	3	NopState[3]			
2044	224	5	8	Read Own State	a = state	0	2	4			TransientNopState	3	TransientNopState[3]			
2045	224	6	8	Read Own State	a = state	1	1	4			IsParentGroupOf	1	IsParentGroupOf[1]			
2046	224	7	8	Local Anchor	register a local jump-to destination	6	0	7							nutty weasel	1001100110001101000000010011010000001101000000001101111011101101
2047	225	0	7	Global Anchor	register a global jump-to destination, maybe terminate	4	2	3							handsewn pheasant	0010101000110110001100111110010101111101111100110010100000100111
2048	225	1	7	Write Own State	if b, state = a	3	0	0			ResourceSendRequest	0	ResourceSendRequest[0]			
2049	225	2	7	Local Anchor	register a local jump-to destination	1	2	4							soupy jellyfish	0000100110110011001100101110000011001001100010110001100011111100
2050	225	3	7	Write Own State	if b, state = a	3	0	4			ResourceSendRequest	0	ResourceSendRequest[0]			
2051	225	4	7	Local Anchor	register a local jump-to destination	1	2	4							cloistered tundra	0000100110110011001110101110000011001001101000010001100111111100
2052	225	5	7	Multiply	a = b * c	2	2	0								
2053	225	6	7	Local Jump If	if a, goto tag match local anchor	7	7	4							barren fly	0011110100111000010010101110001101100111010101100001100010000010
2054	226	0	3	Global Anchor	register a global jump-to destination, maybe terminate	6	1	6							hospitable otter	0100110110010011101110010001110000001001000100011101110110101001
2055	226	1	3	Decay Secondary Global Regulator	decay global regulator value by register a	5	7	5						1	abstruse cormorant	1011110011010010001001000011001100000101111011101101111101001000
2056	226	2	3	Adjust Local Regulator	adjust local regulator value by a	3	0	2							lying numbat	0011100110001110010100011010011001110001011100101011111111001010
2057	227	0	3	Global Anchor	register a global jump-to destination, maybe terminate	3	0	6							astonishing trapdoor	1111100100010110100111010000100100010000100001010110010011001000
2058	227	1	3	Bitwise Xor	a = b \textasciicircum{} c	4	6	5								
2059	227	2	3	Terminal	a = value	6	6	2	1831.26							
2060	228	0	1	Global Anchor	register a global jump-to destination, maybe terminate	6	2	2							livid crayfish	1100111100101010101110011000011011111000101011000111010100010111
2061	229	0	5	Global Anchor	register a global jump-to destination, maybe terminate	1	3	2							trusting toco	0100001100011010110010101101000000100000111010111000100011010111
2062	229	1	5	Read Own State	a = state	3	0	5			KinGroupWillExpire	0	KinGroupWillExpire[0]			
2063	229	2	5	Terminal	a = value	3	1	4	181.581							
2064	229	3	5	Read Own State	a = state	7	2	2			IsChildCellOf	0	IsChildCellOf[0]			
2065	229	4	5	Terminal	a = value	0	2	3	-23.846							
2066	230	0	45	Global Anchor	register a global jump-to destination, maybe terminate	6	2	2							livid crayfish	1100111100101010101110011000011011111000101011000111010100010111
2067	230	1	45	Read Neighbor State	a = state	1	3	2			SpawnRequest	0	SpawnRequest[0]			
2068	230	2	45	Read Own State	a = state	3	0	5			KinGroupWillExpire	0	KinGroupWillExpire[0]			
2069	230	3	45	Terminal	a = value	3	1	4	181.581							
2070	230	4	45	Read Own State	a = state	7	2	2			IsChildCellOf	0	IsChildCellOf[0]			
2071	230	5	45	Terminal	a = value	0	2	3	-23.846							
2072	230	6	45	Less Than	a = ( b < c )	5	5	6								
2073	230	7	45	Decrement	a = a - 1	7	5	5								
2074	230	8	45	Get Global Regulator	a = global regulator value	5	1	1						0	yearly mantis	0101011110010101010011110111101110001111001000011011010101101010
2075	230	9	45	Bitwise Not	a = \textasciitilde{}b	5	5	1								
2076	230	10	45	Send Inter-Cell Message	if a, send message to neighbor cell	4	6	5							tactless plover	0010011010010110101000100100110011110110100110011101011000110100
2077	230	11	45	Get Local Regulator	a = local regulator value	2	0	6							hallucinating chickadee	0010100101000111101001010000001110010010101101011101001110011010
2078	230	12	45	Terminal	a = value	6	7	6	-0.517813							
2079	230	13	45	Decrement	a = a - 1	6	5	5								
2080	230	14	45	Get Global Regulator	a = global regulator value	5	1	1						0	flamboyant morpho	0101011110010101010010110111100110001111001000011111011101101011
2081	230	15	45	Bitwise Not	a = \textasciitilde{}b	5	5	1								
2082	230	16	45	Send Inter-Cell Message	if a, send message to neighbor cell	4	6	5							learned cowfish	0010011010010110101000100100100011110110100110011101011000110100
2083	230	17	45	Get Local Regulator	a = local regulator value	2	0	2							hallucinating chickadee	0010100101000111101001010000001110010010101101011101001110011010
2084	230	18	45	Terminal	a = value	3	7	6	-0.517813							
2085	230	19	45	Divide	a = b / c	5	6	6								
2086	230	20	45	Local Anchor	register a local jump-to destination	0	0	2							extraneous chital	1111100101000101101001010110001111010010111101011101101000011110
2087	230	21	45	Send Intra-Cell Message	if a, send message another cardinal within cell	0	6	5							outrageous tern	1101111000011110111000100100110011110110000110011101001001001101
2088	230	22	45	Terminal	a = value	4	1	1	0.308834							
2089	230	23	45	Bitwise Not	a = \textasciitilde{}b	0	6	5								
2090	230	24	45	Get Local Regulator	a = local regulator value	2	0	2							hallucinating chickadee	0010100101000111101001010000001110010010101101011101001110011010
2091	230	25	45	Terminal	a = value	7	7	6	-0.517813							
2092	230	26	45	Nop-1	perform no operation	5	6	6								
2093	230	27	45	Local Anchor	register a local jump-to destination	0	0	2							extraneous penguin	1111100101000101101001010110001111010010111101011101101100011110
2094	230	28	45	Write Own State	if b, state = a	0	6	5			TransientNopState	1	TransientNopState[1]			
2095	230	29	45	Terminal	a = value	4	1	1	0.308834							
2096	230	30	45	Bitwise Not	a = \textasciitilde{}b	0	6	7								
2097	230	31	45	Get Local Regulator	a = local regulator value	2	0	2							hallucinating chimpanzee	0010100101000111101001010000001110010010101101011101001110011110
2098	230	32	45	Terminal	a = value	7	7	6	-0.517813							
2099	230	33	45	Divide	a = b / c	5	6	6								
2100	230	34	45	Local Anchor	register a local jump-to destination	0	0	2							extraneous penguin	1111100101000101101001010110001111010010111101011101101100011110
2101	230	35	45	Send Intra-Cell Message	if a, send message another cardinal within cell	0	6	5							outrageous tern	1101111000011110111000100100110011110110000110011101001001001101
2102	230	36	45	Terminal	a = value	4	1	1	0.310787							
2103	230	37	45	Bitwise Not	a = \textasciitilde{}b	0	6	7								
2104	230	38	45	Send Intra-Cell Message	if a, send message another cardinal within cell	2	6	3							aggravating setter	1001011001010001000010011100101101011101010001001101000000001001
2105	230	39	45	Local Anchor	register a local jump-to destination	3	1	5							elfin ostrich	0001000000101101000001010010101000000001111111111000000010101111
2106	230	40	45	Terminal	a = value	6	4	1	388.118							
2107	230	41	45	Draw Random Value	a = weighted draw from random number generator	6	4	0								
2108	230	42	45	Write Own State	if b, state = a	3	1	2			TransientNopState	0	TransientNopState[0]			
2109	230	43	45	Local Anchor	register a local jump-to destination	2	0	2							noxious mayfly	0111100101000111101001110110001110010010101101011101101110011010
2110	230	44	45	Terminal	a = value	5	7	6	-0.517814							
2111	231	0	1	Global Anchor	register a global jump-to destination, maybe terminate	6	7	6							complicated dolphin	0011110100111000010010111110001001100111111111000001000110000010
2112	232	0	5	Global Anchor	register a global jump-to destination, maybe terminate	6	0	2							irresponsible dolphin	1101101101001110010010100101011010011100101010110010011001001000
2113	232	1	5	Decay Secondary Global Regulator	decay global regulator value by register a	7	4	0						1	calculating cats	1010011111010101001010100001110010001000111100100010111100010100
2114	232	2	5	Get Global Regulator	a = global regulator value	5	6	4						0	muddy goldfish	1111110001010101001100010010100011001111100100011011000001000100
2115	232	3	5	Local Anchor	register a local jump-to destination	5	1	3							ornery sparrow	0110110100111100000000111001010010100101001110111000101010111110
2116	232	4	5	Bitwise Shift	a = b << c	5	5	1								
2117	233	0	1	Global Anchor	register a global jump-to destination, maybe terminate	0	7	1							unsophisticated paca	0101011010011100010000100010000011110110000110011100001000101100
2118	234	0	1	Global Anchor	register a global jump-to destination, maybe terminate	2	0	2							credal armadillo	0100100101010101011001010110001011010010111101111001101110011001
2119	235	0	9	Global Anchor	register a global jump-to destination, maybe terminate	0	7	2							childlike thrush	0111010110011101001111010000001101100101101001010010101011110000
2120	235	1	9	Set Local Regulator	set local regulator value to a	1	1	1							impolite batfish	0111000110111101000110110110100110101101111010001000011011110101
2121	235	2	9	Nop-1	perform no operation	4	7	7								
2122	235	3	9	Local Jump If Not	if !a, goto tag match local anchor	1	7	2							wakeful spider	1110111111010010010000101001111111101100000000011110111101111001
2123	235	4	9	Get Secondary Global Regulator	a = global regulator value	4	6	5						1	rapping corgi	0100000111000010001010010000100000000100110000010111000001010001
2124	235	5	9	Read Own State	a = state	4	1	6			IncomingIntraMessageCounter	0	IncomingIntraMessageCounter[0]			
2125	235	6	9	Subtract	a = b - c	7	2	4								
2126	235	7	9	Terminal	a = value	2	7	6	0.756388							
2127	235	8	9	Send Inter-Cell Message	if a, send message to neighbor cell	5	4	2							acceptable turaco	1010101000010000110111111100111001010101100100110101101000110111
2128	236	0	17	Global Anchor	register a global jump-to destination, maybe terminate	0	0	6							blessed eagle	0000101010110101111011001010100010110110100100110011011000011101
2129	236	1	17	Get Local Regulator	a = local regulator value	1	0	2							new kitten	1010011001101000110010101110000000110101001101101011011000100001
2130	236	2	17	Local Anchor	register a local jump-to destination	3	5	7							merciful earthworm	1000100101100000100011101001010011010111000100101100001011011111
2131	236	3	17	Multiply Own State	state *= a	7	6	5			RepLevRequest	1	RepLevRequest[1]			
2132	236	4	17	Terminal	a = value	7	0	5	0.912495							
2133	236	5	17	Local Jump If	if a, goto tag match local anchor	5	4	1							staking emu	0100000011101001100011100010100111011001001010001111101011010111
2134	236	6	17	Multiply Own State	state *= a	7	6	4			ResourceReserveRequest	0	ResourceReserveRequest[0]			
2135	236	7	17	Read Own State	a = state	5	0	5			MostRecentCauseOfDeath	0	MostRecentCauseOfDeath[0]			
2136	236	8	17	Count Ones	a = popcnt( b )	5	4	1								
2137	236	9	17	Read Neighbor State	a = state	7	6	4			CellAge	0	CellAge[0]			
2138	236	10	17	Terminal	a = value	3	2	4	0.912502							
2139	236	11	17	Local Anchor	register a local jump-to destination	6	1	6							accomplished partridge	0101110000001100110000011111110000010001100000110010100010010000
2140	236	12	17	Terminal	a = value	1	3	1	-5.8736							
2141	236	13	17	Terminal	a = value	3	4	2	0.656454							
2142	236	14	17	Local Jump If Not	if !a, goto tag match local anchor	6	6	3							resolute muskrat	0110011011000001000001001011011101110101101100101011001010110110
2143	236	15	17	Local Anchor	register a local jump-to destination	2	6	7							hellish llama	1010000110111100011111100100011010000000010010110001111000110000
2144	236	16	17	Local Anchor	register a local jump-to destination	6	2	1							uniform francolin	0010111111110010110011111011011000000001101010100101111000100100
2145	237	0	1	Global Anchor	register a global jump-to destination, maybe terminate	2	7	3							pointless crab	1101100110010001001110101001001011110010010101011101011000010100
2146	238	0	1	Global Anchor	register a global jump-to destination, maybe terminate	2	2	0							rundown sealion	1010000110100110000101001000100111110111001000010011000000111111
2147	239	0	39	Global Anchor	register a global jump-to destination, maybe terminate	0	7	3							Spanish shrike	0100110100000001110000110010110000001110100000001000101101110011
2148	239	1	39	Terminal	a = value	0	1	0	-1.65225							
2149	239	2	39	Local Anchor	register a local jump-to destination	0	4	0							contemplative seal	0001001000111100001110110101111001000111000100100001001110100100
2150	239	3	39	Terminal	a = value	7	6	1	96.0258							
2151	239	4	39	Equal	a = ( b == c )	1	0	5								
2152	239	5	39	Read Own State	a = state	5	0	1			CellAge	0	CellAge[0]			
2153	239	6	39	Bitwise And	a = b \& c	1	5	3								
2154	239	7	39	Terminate If	if a, terminate core	3	3	4								
2155	239	8	39	Read Own State	a = state	7	4	6			IsAlive	0	IsAlive[0]			
2156	239	9	39	Multiply Own State	state *= a	1	6	1			ApoptosisRequest	0	ApoptosisRequest[0]			
2157	239	10	39	Terminate If	if a, terminate core	3	3	4								
2158	239	11	39	Broadcast Intra-Cell Message	if a, send message to all other cardinals within cell	1	5	3							bumpy gorillas	1011000011110111110110000001110111000100010110011011111110000001
2159	239	12	39	Local Anchor	register a local jump-to destination	3	3	3							lighthearted tundra	1001010000111001111001110111000000000010010011100110100111101100
2160	239	13	39	Bitwise And	a = b \& c	1	5	3								
2161	239	14	39	Negate	a = -a	7	4	6								
2162	239	15	39	Multiply Own State	state *= a	1	6	1			TransientNopState	2	TransientNopState[2]			
2163	239	16	39	Read Own State	a = state	2	1	1			NopState	3	NopState[3]			
2164	239	17	39	Set Local Regulator	set local regulator value to a	3	3	4							mature caterpillar	1100110101010110111111011000001011110111110101101010010110111110
2165	239	18	39	Broadcast Intra-Cell Message	if a, send message to all other cardinals within cell	1	5	3							adorable anemone	1011000011110111110110000011110011000100010110011011101110000011
2166	239	19	39	Local Anchor	register a local jump-to destination	3	3	3							unfolded hound	1001010000111001111001100111000000000010010001000111000111101100
2167	239	20	39	Bitwise And	a = b \& c	1	5	3								
2168	239	21	39	Write Own State	if b, state = a	7	4	6			TransientNopState	3	TransientNopState[3]			
2169	239	22	39	Nop-2	perform no operation	6	4	6								
2170	239	23	39	Decay Secondary Global Regulator	decay global regulator value by register a	1	3	6						1	evasive anole	0010100010011100000100010001010010010001110010101110010011001100
2171	239	24	39	Local Anchor	register a local jump-to destination	3	2	0							bare jaguar	1001110100100110100101101110101100110001111111101010101111010110
2172	239	25	39	Less Than	a = ( b < c )	0	7	0								
2173	239	26	39	Multiply Own State	state *= a	1	6	1			ApoptosisRequest	0	ApoptosisRequest[0]			
2174	239	27	39	Terminal	a = value	4	1	4	0.213481							
2175	239	28	39	Equal	a = ( b == c )	6	4	4								
2176	239	29	39	Write Own State	if b, state = a	5	0	1			TransientNopState	2	TransientNopState[2]			
2177	239	30	39	Send Inter-Cell Message	if a, send message to neighbor cell	0	5	5							breakable cusimanse	1010011100010001110000111110000110101011110001110010000010000000
2178	239	31	39	Divide	a = b / c	1	3	6								
2179	239	32	39	Read Own State	a = state	3	1	1			NopState	3	NopState[3]			
2180	239	33	39	Adjust Global Regulator	adjust global regulator value by a	2	6	3						0	blond anaconda	1011010101011110100011011110111000111000000010011001100010110110
2181	239	34	39	Read Own State	a = state	3	1	1			CellAge	0	CellAge[0]			
2182	239	35	39	Local Anchor	register a local jump-to destination	2	6	3							squealing wombat	1011010101011010100011011110011100111100000000001000100000110010
2183	239	36	39	Send Intra-Cell Message	if a, send message another cardinal within cell	6	4	0							simple natterjack	0000011000110000100100011100101110111010010010011100111010001101
2184	239	37	39	Get Local Regulator	a = local regulator value	5	1	6							thundering anole	1001011110110100001110011011110001001111100100111011111111001001
2185	239	38	39	Terminal	a = value	2	4	5	-13.9577							
2186	240	0	3	Global Anchor	register a global jump-to destination, maybe terminate	6	1	4							acrobatic shrike	0100100011010000010001100000000101000100101111011101101011110111
2187	240	1	3	Set Global Regulator	set global regulator value to a	7	6	4						0	blindfolded stink	1000011001101100110001011010100101110100011101000011110011011000
2188	240	2	3	Send Intra-Cell Message	if a, send message another cardinal within cell	1	3	0							traumatic coyote	0111101001000111010011101100100010010111000000001010101110101001
2189	241	0	2	Global Anchor	register a global jump-to destination, maybe terminate	3	2	2							gifted dormouse	0000010001110010010011000110101000101001101100000010111010001000
2190	241	1	2	Read Own State	a = state	6	5	3			ParentFragmented	0	ParentFragmented[0]			
2191	242	0	7	Global Anchor	register a global jump-to destination, maybe terminate	4	0	2							ripe stoat	1001101111001110111000011100100101010000100110001101101101100011
2192	242	1	7	Local Jump If Not	if !a, goto tag match local anchor	4	5	4							popular tsessebe	1010101011110001100000000100110011101001111011100000001001100110
2193	242	2	7	Local Anchor	register a local jump-to destination	5	5	4							webbed fish	1110100110000110001110101111010010110100001111110001110000011010
2194	242	3	7	Terminal	a = value	6	2	5	-3.16524							
2195	242	4	7	Terminal	a = value	1	4	6	-0.948168							
2196	242	5	7	Send Inter-Cell Message	if a, send message to neighbor cell	5	7	7							wet potter	1010000110111001110100101101110001001100111010100001101000110110
2197	242	6	7	Terminal	a = value	1	2	1	2840.1							
2198	243	0	4	Global Anchor	register a global jump-to destination, maybe terminate	5	3	4							unaccountable zorro	1101110000000001111001011000001010110010000111011011001010111001
2199	243	1	4	Local Anchor	register a local jump-to destination	7	5	0							mellow fly	0000000001100100011000011110010001010010000111011111111100011111
2200	243	2	4	Terminal	a = value	3	0	6	-0.732814							
2201	243	3	4	Not Equal	a = (b != c)	4	5	4								
2202	244	0	15	Global Anchor	register a global jump-to destination, maybe terminate	2	1	4							slim eel	0000001011011000011011101000000101000100101111011101101010110111
2203	244	1	15	Local Anchor	register a local jump-to destination	5	2	2							late hummingbird	1111001011101100111001011110000100000001011001111010010111010001
2204	244	2	15	Local Anchor	register a local jump-to destination	4	4	4							narrow frigate	1011111111110100011110010010100101111111000011110010101011110000
2205	244	3	15	Set Global Regulator	set global regulator value to a	4	6	7						0	aback guineafowl	1101101011111111100101010000000101100000011010000010001100001011
2206	244	4	15	Local Anchor	register a local jump-to destination	0	2	6							pitiful pigeon	0110110111110110100000101000010010111100101100000100001010001101
2207	244	5	15	Write Own State	if b, state = a	5	1	1			ResourceReserveRequest	0	ResourceReserveRequest[0]			
2208	244	6	15	Not Equal	a = (b != c)	5	5	4								
2209	244	7	15	Terminal	a = value	5	1	7	0.211613							
2210	244	8	15	Read Own State	a = state	1	1	0			KinGroupAge	0	KinGroupAge[0]			
2211	244	9	15	Terminal	a = value	7	1	3	-16.1332							
2212	244	10	15	Multiply Own State	state *= a	3	5	7			ResourceSendRequest	0	ResourceSendRequest[0]			
2213	244	11	15	Terminal	a = value	4	7	0	-0.930367							
2214	244	12	15	Read Own State	a = state	5	4	1			ResourceSendLimit	0	ResourceSendLimit[0]			
2215	244	13	15	Read Own State	a = state	3	4	6			NeighborKinGroupWillExpire	0	NeighborKinGroupWillExpire[0]			
2216	244	14	15	Terminal	a = value	3	0	1	-1.06671							
2217	245	0	2	Global Anchor	register a global jump-to destination, maybe terminate	2	1	4							sick jerboa	0000001011011000010011101000000101000100101111111101101010110111
2218	245	1	2	Local Anchor	register a local jump-to destination	5	2	2							conscientious mushroom	1110001011101100111001011100000100000001011001111010010111010000
2219	246	0	6	Global Anchor	register a global jump-to destination, maybe terminate	3	1	6							fortunate magellanic	1101010111001001000011000010010001011010111100101001101111100100
2220	246	1	6	Write Own State	if b, state = a	5	0	7			NopState	2	NopState[2]			
2221	246	2	6	Decay Secondary Global Regulator	decay global regulator value by register a	7	0	0						1	noiseless springhaas	1100011001101100111001011010100100110100010101101010110011000000
2222	246	3	6	Terminal	a = value	3	0	2	0.36437							
2223	246	4	6	Terminal	a = value	5	3	4	-0.701068							
2224	246	5	6	Read Neighbor State	a = state	4	5	4			RicherThanNeighbor	0	RicherThanNeighbor[0]			
2225	247	0	10	Global Anchor	register a global jump-to destination, maybe terminate	2	3	0							helpful yacare	0000001011010000011011101100100100000101101101011111101011010110
2226	247	1	10	Bitwise Xor	a = b \textasciicircum{} c	7	2	0								
2227	247	2	10	Logical And	a = b \&\& c	7	2	0								
2228	247	3	10	Terminal	a = value	1	6	3	-31.609							
2229	247	4	10	Terminal	a = value	0	3	0	59625.1							
2230	247	5	10	Write Own State	if b, state = a	0	5	5			RepLevRequest	1	RepLevRequest[1]			
2231	247	6	10	Send Inter-Cell Message	if a, send message to neighbor cell	1	4	0							blindfolded anteater	0000110011110000000000000000100101001011010010100000000010101111
2232	247	7	10	Local Jump If	if a, goto tag match local anchor	2	1	4							embarrassed ibis	0000001011010000001011101010000101000100101011111101101011110111
2233	247	8	10	Modulo	a = b \% c	4	4	6								
2234	247	9	10	Local Anchor	register a local jump-to destination	6	2	0							humble roborovski	1111001011100100111011011110000100100001010111101010010101010101
2235	248	0	5	Global Anchor	register a global jump-to destination, maybe terminate	5	6	7							ornate wombat	0111001010010100000000000010111010001111101101011001100010111001
2236	248	1	5	Send Intra-Cell Message	if a, send message another cardinal within cell	3	1	0							lusting eagle	0101011111101010010110111110111010111101011100001000000010111100
2237	248	2	5	Multiply Own State	state *= a	0	3	1			NopState	0	NopState[0]			
2238	248	3	5	Read Neighbor State	a = state	0	5	4			NeighborOptimumQuorumExceeded	0	NeighborOptimumQuorumExceeded[0]			
2239	248	4	5	Local Jump If	if a, goto tag match local anchor	2	1	4							handsome ostrich	0000001011010000011011101010000101000100101011011101101011110111
2240	249	0	1	Global Anchor	register a global jump-to destination, maybe terminate	4	4	6							volcanic budgrerigar	1111111111010000101010010010011011111001010010011010110111000000
2241	250	0	27	Global Anchor	register a global jump-to destination, maybe terminate	7	2	5							surly goat	0110001111010011111101101000001010110111101100001010000001000110
2242	250	1	27	Send Inter-Cell Message	if a, send message to neighbor cell	4	1	4							handmade lemur	1000000100000000100000111100000111100010011011000001110000011111
2243	250	2	27	Read Own State	a = state	0	3	3			NeighborOptimumQuorumExceeded	1	NeighborOptimumQuorumExceeded[1]			
2244	250	3	27	Local Anchor	register a local jump-to destination	3	2	5							mysterious locifera	0110101111010011111101101000001010111111101000001010000001000110
2245	250	4	27	Send Inter-Cell Message	if a, send message to neighbor cell	4	1	4							hallowed hyrax	1000000100000000100000111100000111100010011011000001010000011111
2246	250	5	27	Local Anchor	register a local jump-to destination	4	1	5							lethal springbok	0010001100000000001001010000001100100000011011000001110011011111
2247	250	6	27	Send Intra-Cell Message	if a, send message another cardinal within cell	0	3	3							powerful housefly	0110101101010110010110110000110000100110000110100101001001001011
2248	250	7	27	Send Intra-Cell Message	if a, send message another cardinal within cell	7	2	6							biweekly civet	1110100101101111000110000110011101001010100010010100110111100000
2249	250	8	27	Local Anchor	register a local jump-to destination	4	1	5							actually fungus	0010001100000000101001010000001100100000011011000001110010011111
2250	250	9	27	Local Anchor	register a local jump-to destination	6	7	2							fusion vendace	0111100101001101111100011000100111001111001101000011001011100010
2251	250	10	27	Terminal	a = value	6	1	5	-1.48755							
2252	250	11	27	Terminal	a = value	1	1	4	-0.998119							
2253	250	12	27	Set Local Regulator	set local regulator value to a	0	3	3							rusty salmon	0110101111110010010110110110110000100110101110000101001001000011
2254	250	13	27	Multiply Own State	state *= a	7	2	4			ResourceReceiveResistance	0	ResourceReceiveResistance[0]			
2255	250	14	27	Local Anchor	register a local jump-to destination	7	1	1							single bison	1101001110100100001010010011111000000001010011100011100111101110
2256	250	15	27	Send Intra-Cell Message	if a, send message another cardinal within cell	0	7	2							unbecoming katydid	1101001001101000100001101101011001001100110000111001101001011000
2257	250	16	27	Terminal	a = value	6	3	3	0.896961							
2258	250	17	27	Get Local Regulator	a = local regulator value	5	6	1							fluid beetle	0100010011010011011101000111110010100010000110010110111000111011
2259	250	18	27	Terminal	a = value	7	5	0	-6.14391							
2260	250	19	27	Adjust Local Regulator	adjust local regulator value by a	2	7	1							dim bird	1110101001010110100101111100011101110111100101111111100111001101
2261	250	20	27	Bitwise Xor	a = b \textasciicircum{} c	7	7	6								
2262	250	21	27	Local Anchor	register a local jump-to destination	0	3	0							perplexed wolf	0111111101100100101011111110111101110111011101101101101111101011
2263	250	22	27	Local Jump If	if a, goto tag match local anchor	7	0	2							incompetent phalarope	0011101000111110111100000101111111101110000100111010100110000110
2264	250	23	27	Global Jump If	if a, goto tag match global anchor; if b, clear registers	6	4	6							unsteady poodle	0001011101110111100110010100111101010011001010001110001000011111
2265	250	24	27	Terminal	a = value	2	0	7	0.413024							
2266	250	25	27	Terminal	a = value	7	1	2	-0.453116							
2267	250	26	27	Terminal	a = value	2	7	2	-0.514833							
2268	251	0	13	Global Anchor	register a global jump-to destination, maybe terminate	6	3	3							mature shark	1111001011001111100111101111011000001000111100101000000001110010
2269	251	1	13	Local Anchor	register a local jump-to destination	2	4	1							repulsive koi	0101011101100100011001000001010010110100010111111000011010000010
2270	251	2	13	Bitwise And	a = b \& c	2	6	5								
2271	251	3	13	Terminal	a = value	6	3	3	0.896961							
2272	251	4	13	Get Local Regulator	a = local regulator value	7	6	3							fluid beetle	0100010011010011011101000111110010100010000110010110111000111011
2273	251	5	13	Bitwise And	a = b \& c	2	6	5								
2274	251	6	13	Terminal	a = value	6	2	3	0.928211							
2275	251	7	13	Local Anchor	register a local jump-to destination	0	4	0							surly seals	1101011101100100011001000001011110110100011111111000010010010010
2276	251	8	13	Read Own State	a = state	4	1	5			OptimumQuorumExceeded	1	OptimumQuorumExceeded[1]			
2277	251	9	13	Read Own State	a = state	5	7	2			KinGroupMatch	1	KinGroupMatch[1]			
2278	251	10	13	Less Than	a = ( b < c )	4	4	3								
2279	251	11	13	Terminal	a = value	7	7	0	0.0545166							
2280	251	12	13	Send Inter-Cell Message	if a, send message to neighbor cell	3	7	5							moaning duiker	1001100100011100001010011111001100101010100001001010001110010011
2281	252	0	26	Global Anchor	register a global jump-to destination, maybe terminate	1	1	2							metallic peafowl	0110011011111110100010101011000011001000010111011100100010000100
2282	252	1	26	Less Than	a = ( b < c )	0	4	3								
2283	252	2	26	Local Anchor	register a local jump-to destination	2	6	0							fanatical marten	0101011101100100011001000001011010110100011111111000011010010010
2284	252	3	26	Terminal	a = value	0	1	2	0.806044							
2285	252	4	26	Local Anchor	register a local jump-to destination	2	3	7							irascible caterpillar	1110111101110010010110011111100100101011000001010010100111011100
2286	252	5	26	Local Anchor	register a local jump-to destination	3	6	5							noted opossums	1110101101001110101110100110010110100010100001010110101010101100
2287	252	6	26	Fork If	if a, submit fork request (processed when core terminates)	5	1	4							snobby dugong	1011101011111010110001110011001110010100001111011100110110001110
2288	252	7	26	Greater Than	a = ( b > c )	4	5	3								
2289	252	8	26	Terminal	a = value	7	7	0	0.0540246							
2290	252	9	26	Set Local Regulator	set local regulator value to a	0	6	3							paternalistic budgrerigar	1101000111110110000111001001001110110110010111000010110101110000
2291	252	10	26	Terminal	a = value	6	4	2	66.9332							
2292	252	11	26	Get Local Regulator	a = local regulator value	7	6	1							sentimental tern	1101101011110110001000111000111001110010100010111101100100111110
2293	252	12	26	Send Inter-Cell Message	if a, send message to neighbor cell	2	5	0							goosey centipede	1100101110101111111000111001010100110000100000011011101011000000
2294	252	13	26	Terminal	a = value	2	4	0	-2.56818							
2295	252	14	26	Local Anchor	register a local jump-to destination	6	4	4							opposite rabbit	1011001100000001111001101100110010001110000110000001011010011101
2296	252	15	26	Local Anchor	register a local jump-to destination	6	0	6							dependable nurse	0011001101101001011111100000101010010011010111010110111010010011
2297	252	16	26	Send Inter-Cell Message	if a, send message to neighbor cell	3	7	5							general crayfish	0001100100011100001010011011001100101010100001001010001110010011
2298	252	17	26	Logical Or	a = b \textbar{}\textbar{} c	2	5	6								
2299	252	18	26	Not Equal	a = (b != c)	1	1	5								
2300	252	19	26	Terminal	a = value	1	5	2	0.874001							
2301	252	20	26	Local Anchor	register a local jump-to destination	2	2	3							conscientious human	0100110001111100101101001111000110111010101000011110101001001010
2302	252	21	26	Nop-0	perform no operation	2	1	5								
2303	252	22	26	Local Anchor	register a local jump-to destination	2	2	3							conscientious housefly	0100110001111100101101001111000110111010101000011110101001001000
2304	252	23	26	Equal	a = ( b == c )	0	1	5								
2305	252	24	26	Local Anchor	register a local jump-to destination	0	3	3							fearful husky	1001001011011001001110101000111101111000101011101111000000110000
2306	252	25	26	Read Own State	a = state	4	1	7			KinGroupWillExpire	0	KinGroupWillExpire[0]			
2307	253	0	8	Global Anchor	register a global jump-to destination, maybe terminate	1	3	6							cooing rockhopper	1111010011101110100000001011000011001000110111111110001100000000
2308	253	1	8	Less Than	a = ( b < c )	5	4	1								
2309	253	2	8	Terminal	a = value	1	5	2	0.874001							
2310	253	3	8	Nop-0	perform no operation	2	1	5								
2311	253	4	8	Local Anchor	register a local jump-to destination	2	2	3							conscientious housefly	0100110001111100101101001111000110111010101000011110101001001000
2312	253	5	8	Equal	a = ( b == c )	0	1	5								
2313	253	6	8	Local Anchor	register a local jump-to destination	0	3	3							fearful husky	1001001011011001001110101000111101111000101011101111000000110000
2314	253	7	8	Read Own State	a = state	4	1	7			KinGroupWillExpire	0	KinGroupWillExpire[0]			
2315	254	0	16	Global Anchor	register a global jump-to destination, maybe terminate	1	3	6							cooing rockhopper	1111010011101110100000001011000011001000110111111110001100000000
2316	254	1	16	Less Than	a = ( b < c )	5	4	1								
2317	254	2	16	Terminal	a = value	1	5	2	0.874001							
2318	254	3	16	Bitwise And	a = b \& c	1	0	5								
2319	254	4	16	Local Anchor	register a local jump-to destination	2	6	7							small gecko	1000000001100011110101110110001011110110000101100000110010111101
2320	254	5	16	Terminal	a = value	6	3	2	0.709214							
2321	254	6	16	Terminal	a = value	3	0	3	1.27752							
2322	254	7	16	Send Intra-Cell Message	if a, send message another cardinal within cell	4	1	7							raspy darter	1110011101101000100111011100011011001001100101100100101110010100
2323	254	8	16	Bitwise And	a = b \& c	1	0	5								
2324	254	9	16	Local Anchor	register a local jump-to destination	2	6	7							small gecko	1000000001100011110101110110001011110110000101100000110010111101
2325	254	10	16	Terminal	a = value	6	3	2	0.709214							
2326	254	11	16	Terminal	a = value	3	0	3	1.27752							
2327	254	12	16	Send Intra-Cell Message	if a, send message another cardinal within cell	4	1	7							raspy firefly	1110011101101000100111011100011011001001100101100100101110110100
2328	254	13	16	Adjust Global Regulator	adjust global regulator value by a	5	5	6						0	holistic coati	1000110001110011100110100011000101111010111101000010000010100011
2329	254	14	16	Bitwise Not	a = \textasciitilde{}b	3	7	2								
2330	254	15	16	Read Own State	a = state	4	1	7			IsChildGroupOf	0	IsChildGroupOf[0]			
2331	255	0	6	Global Anchor	register a global jump-to destination, maybe terminate	1	2	6							shut kitten	0110011011100100100010011011000011001000110111111111001100010000
2332	255	1	6	Less Than	a = ( b < c )	5	4	1								
2333	255	2	6	Terminal	a = value	1	5	3	-0.141623							
2334	255	3	6	Bitwise And	a = b \& c	1	2	5								
2335	255	4	6	Read Own State	a = state	6	3	2			KinGroupMatch	1	KinGroupMatch[1]			
2336	255	5	6	Read Own State	a = state	7	2	7			StockpileDepleted	0	StockpileDepleted[0]			
2337	256	0	17	Global Anchor	register a global jump-to destination, maybe terminate	6	7	2							dreary frogmouth	1001011111000011000001111001010101000110001110001000101010010111
2338	256	1	17	Divide	a = b / c	7	0	3								
2339	256	2	17	Get Global Regulator	a = global regulator value	5	7	0						0	metallic bug	1011000011010100010101000101001010110010011110000100110100111000
2340	256	3	17	Terminal	a = value	7	0	3	-2.16061							
2341	256	4	17	Terminal	a = value	2	6	1	1.93478							
2342	256	5	17	Multiply Own State	state *= a	0	5	0			TransientNopState	1	TransientNopState[1]			
2343	256	6	17	Nop-2	perform no operation	5	6	3								
2344	256	7	17	RandomFill	fill a with uniformly-distributed random bits	1	1	4								
2345	256	8	17	Terminal	a = value	0	0	2	0.192858							
2346	256	9	17	Get Secondary Global Regulator	a = global regulator value	6	0	0						1	thorough skink	0110111101011110100101100001000011100110111011100110100010111111
2347	256	10	17	Decay Secondary Global Regulator	decay global regulator value by register a	6	0	0						1	forgetful woylie	1000010111011010100011111110111001111010100001110011101101100110
2348	256	11	17	Terminal	a = value	7	2	3	-0.716824							
2349	256	12	17	Local Anchor	register a local jump-to destination	4	0	4							only loris	0011100110011001001010110001010101010001001011001011010101110110
2350	256	13	17	Write Own State	if b, state = a	4	0	4			TransientNopState	2	TransientNopState[2]			
2351	256	14	17	Get Global Regulator	a = global regulator value	3	1	6						0	growling paca	0111011110001101000111100101001110011010001011011101000110101010
2352	256	15	17	Decay Secondary Global Regulator	decay global regulator value by register a	6	0	0						1	exemplary meerkat	1000010111011000100011111110111001111010100001110010101101100110
2353	256	16	17	Terminal	a = value	7	2	3	-0.716824							
2354	257	0	3	Global Anchor	register a global jump-to destination, maybe terminate	4	0	4							staring retriever	0011100110011001001010110001010101010101001011001011010101110110
2355	257	1	3	Send Intra-Cell Message	if a, send message another cardinal within cell	4	0	4							only loris	0011100110011001001010110001010101010001001011001011010101110110
2356	257	2	3	Terminate If	if a, terminate core	6	4	2								
